asset,shock,mode,tvl_initial,tvl_final,total_liquidations,total_liquidated_value_usd,final_bad_debt_usd,liquidation_efficiency
0x2260fac5e5542a773aa44fbcfedf7c193bc2c599,-0.4,Agent,57912566.877908275,57912566.877908275,105,4118445.747208248,2488277.428202991,0.2134498988738157
0x2260fac5e5542a773aa44fbcfedf7c193bc2c599,-0.4,UB,84034778.38248667,78136298.69398671,70,5075406.4907123605,,
0x2260fac5e5542a773aa44fbcfedf7c193bc2c599,-0.35,Agent,63062343.13756633,63062343.13756633,98,4723275.704519475,1860700.4698104796,0.3173647220685828
0x2260fac5e5542a773aa44fbcfedf7c193bc2c599,-0.35,UB,88459471.83391249,82966945.55110155,62,5000108.67381926,,
0x2260fac5e5542a773aa44fbcfedf7c193bc2c599,-0.3,Agent,69623788.91591713,69623788.91591713,81,4310829.354455429,1335044.6526704945,0.4158665212478355
0x2260fac5e5542a773aa44fbcfedf7c193bc2c599,-0.3,UB,92884165.28533828,88742428.04934137,42,3991439.074677184,,
0x2260fac5e5542a773aa44fbcfedf7c193bc2c599,-0.25,Agent,76421240.38264042,76421240.38264042,72,4134021.541816369,834058.9623029806,0.5806243045152494
0x2260fac5e5542a773aa44fbcfedf7c193bc2c599,-0.25,UB,97308858.73676409,93438706.45031312,33,3863953.087711725,,
0x2260fac5e5542a773aa44fbcfedf7c193bc2c599,-0.2,Agent,83702040.88381694,83702040.88381694,55,3919381.8524542474,383870.46677530586,0.9930694616899365
0x2260fac5e5542a773aa44fbcfedf7c193bc2c599,-0.2,UB,101733552.18818986,100837979.18616095,18,893433.3881190141,,
0x2260fac5e5542a773aa44fbcfedf7c193bc2c599,-0.15,Agent,92162181.02261202,92162181.02261202,31,2933550.804559569,21848.044731599228,0.07898748135147712
0x2260fac5e5542a773aa44fbcfedf7c193bc2c599,-0.15,UB,106158245.6396157,106116379.55694644,10,41866.082669238465,,
0x2260fac5e5542a773aa44fbcfedf7c193bc2c599,-0.1,Agent,101865207.08945903,101865207.08945903,15,859678.5113088586,1295.2925619814066,0.08647058873849044
0x2260fac5e5542a773aa44fbcfedf7c193bc2c599,-0.1,UB,110582939.0910415,110565981.645282,3,16956.818465517375,,
0x2260fac5e5542a773aa44fbcfedf7c193bc2c599,-0.05,Agent,110814184.94057356,110814184.94057356,3,16909.81782218103,1.5089307637383857,0.6723345547295919
0x2260fac5e5542a773aa44fbcfedf7c193bc2c599,-0.05,UB,115007632.54246731,115007160.35812388,1,463.21440482732544,,
0x437cc33344a0b27a429f795ff6b469c72698b291,-0.4,Agent,118557573.58364384,118557573.58364384,2,483.50481149712516,11.156875256466316,0.015657574374413022
0x437cc33344a0b27a429f795ff6b469c72698b291,-0.4,UB,118993240.62756455,118992740.04648627,2,486.42475635413285,,
0x437cc33344a0b27a429f795ff6b469c72698b291,-0.35,Agent,118666426.3371337,118666426.3371337,2,484.23507343219984,11.909058427821702,0.014984231770095769
0x437cc33344a0b27a429f795ff6b469c72698b291,-0.35,UB,119048126.29835561,119047624.97069377,2,486.79195522784045,,
0x437cc33344a0b27a429f795ff6b469c72698b291,-0.3,Agent,118775401.3704906,118775401.3704906,2,484.9658868089198,12.661576045936137,0.014390199366065577
0x437cc33344a0b27a429f795ff6b469c72698b291,-0.3,UB,119103011.9691467,119102509.89517115,2,487.1591541015479,,
0x437cc33344a0b27a429f795ff6b469c72698b291,-0.25,Agent,118884498.68371087,118884498.68371087,2,485.6972516272853,13.414431848151088,0.013862173174617194
0x437cc33344a0b27a429f795ff6b469c72698b291,-0.25,UB,119157897.63993776,119157394.81991713,2,487.5263529752556,,
0x437cc33344a0b27a429f795ff6b469c72698b291,-0.2,Agent,118993718.27679077,118993718.27679077,2,486.429167887296,14.16762954098497,0.01338966757622702
0x437cc33344a0b27a429f795ff6b469c72698b291,-0.2,UB,119212783.31072882,119212279.74493049,2,487.89355184896306,,
0x437cc33344a0b27a429f795ff6b469c72698b291,-0.15,Agent,119103060.1497266,119103060.1497266,2,487.1616355889522,14.921172800448968,0.012964306537631625
0x437cc33344a0b27a429f795ff6b469c72698b291,-0.15,UB,119267668.98151991,119267164.67021,2,488.2607507226706,,
0x437cc33344a0b27a429f795ff6b469c72698b291,-0.1,Agent,119212524.30251473,119212524.30251473,2,487.89465473225385,15.675065272362268,0.012579318485597034
0x437cc33344a0b27a429f795ff6b469c72698b291,-0.1,UB,119322554.65231098,119322049.5957545,2,488.6279495963782,,
0x437cc33344a0b27a429f795ff6b469c72698b291,-0.05,Agent,119322110.73515156,119322110.73515156,2,488.62822531720093,16.429310572659432,0.012229169686727416
0x437cc33344a0b27a429f795ff6b469c72698b291,-0.05,UB,119377440.32310203,119376934.52156271,2,488.99514847008584,,
0x4c9edd5852cd905f086c759e8383e09bff1e68b3,-0.4,Agent,55895144.222204864,55895144.222204864,102,3794997.0911501064,2652838.0288662305,0.18085374300983081
0x4c9edd5852cd905f086c759e8383e09bff1e68b3,-0.4,UB,82178505.66235998,71674509.80556792,87,9490851.725593777,,
0x4c9edd5852cd905f086c759e8383e09bff1e68b3,-0.35,Agent,58056421.134219594,58056421.134219594,102,3907284.277261947,2388703.5706493044,0.2119149369023544
0x4c9edd5852cd905f086c759e8383e09bff1e68b3,-0.35,UB,83816683.50362438,76809434.61649485,78,6244843.977490988,,
0x4c9edd5852cd905f086c759e8383e09bff1e68b3,-0.3,Agent,59890929.911227874,59890929.911227874,99,8443074.701828737,1732455.7200012,0.35381678546172657
0x4c9edd5852cd905f086c759e8383e09bff1e68b3,-0.3,UB,88748385.44152416,82175568.60069507,65,6188505.255022286,,
0x4c9edd5852cd905f086c759e8383e09bff1e68b3,-0.25,Agent,71090570.40957832,71090570.40957832,83,4373529.320435217,1163058.2904192323,0.4476021155979667
0x4c9edd5852cd905f086c759e8383e09bff1e68b3,-0.25,UB,93862375.53358567,89818238.10569789,39,3935950.8030391834,,
0x4c9edd5852cd905f086c759e8383e09bff1e68b3,-0.2,Agent,79276039.82388142,79276039.82388142,61,3920200.2041695802,658394.3155290907,0.7050380567978087
0x4c9edd5852cd905f086c759e8383e09bff1e68b3,-0.2,UB,98976365.62564714,97715877.36466677,24,1209977.3525140116,,
0x4c9edd5852cd905f086c759e8383e09bff1e68b3,-0.15,Agent,88560534.62187219,88560534.62187219,40,2996841.670085275,191513.01054238432,0.014279429419303175
0x4c9edd5852cd905f086c759e8383e09bff1e68b3,-0.15,UB,104090355.71770865,103295682.78607054,14,789362.261534695,,
0x4c9edd5852cd905f086c759e8383e09bff1e68b3,-0.1,Agent,99514667.21376427,99514667.21376427,16,763652.4188849275,31603.26454270375,0.014005580936060935
0x4c9edd5852cd905f086c759e8383e09bff1e68b3,-0.1,UB,109204345.80977014,108454752.18611187,5,749593.6236582779,,
0x4c9edd5852cd905f086c759e8383e09bff1e68b3,-0.05,Agent,108806054.6430428,108806054.6430428,3,731680.4846135087,0.0,1.0
0x4c9edd5852cd905f086c759e8383e09bff1e68b3,-0.05,UB,114318335.90183161,114317521.63301371,2,814.268817903861,,
0x68749665ff8d2d112fa859aa293f07a622782f38,-0.4,Agent,108060674.29583722,108060674.29583722,3,62106.11742556145,0.0,1.0
0x68749665ff8d2d112fa859aa293f07a622782f38,-0.4,UB,113542038.92784525,113348789.0576913,7,173417.79397472113,,
0x68749665ff8d2d112fa859aa293f07a622782f38,-0.35,Agent,109422374.17743996,109422374.17743996,2,62580.685585095176,0.0,1.0
0x68749665ff8d2d112fa859aa293f07a622782f38,-0.35,UB,114278324.81110121,114087866.34730634,6,179511.83971857626,,
0x68749665ff8d2d112fa859aa293f07a622782f38,-0.3,Agent,110798361.47942705,110798361.47942705,3,63487.47559354859,0.0,1.0
0x68749665ff8d2d112fa859aa293f07a622782f38,-0.3,UB,115014610.69435722,114830023.12323222,5,181753.60433335218,,
0x68749665ff8d2d112fa859aa293f07a622782f38,-0.25,Agent,112189487.80683175,112189487.80683175,3,63974.88241769239,0.0,1.0
0x68749665ff8d2d112fa859aa293f07a622782f38,-0.25,UB,115750896.57761322,115622532.46073128,5,128333.08972723606,,
0x68749665ff8d2d112fa859aa293f07a622782f38,-0.2,Agent,113658984.85203598,113658984.85203598,2,811.2136756090682,0.0,1.0
0x68749665ff8d2d112fa859aa293f07a622782f38,-0.2,UB,116487182.46086918,116365797.13157211,5,121381.64725130018,,
0x68749665ff8d2d112fa859aa293f07a622782f38,-0.15,Agent,115080380.61651292,115080380.61651292,1,468.46789412019456,0.0,1.0
0x68749665ff8d2d112fa859aa293f07a622782f38,-0.15,UB,117223468.34412518,117217900.59713753,4,5560.655745987167,,
0x68749665ff8d2d112fa859aa293f07a622782f38,-0.1,Agent,116516140.03065594,116516140.03065594,2,477.8264234453468,3.8882563887671315,0.035540429850441674
0x68749665ff8d2d112fa859aa293f07a622782f38,-0.1,UB,117959754.22738114,117959260.18998338,2,483.56003164691384,,
0x68749665ff8d2d112fa859aa293f07a622782f38,-0.05,Agent,117966619.94306304,117966619.94306304,2,483.57720852074186,10.528226237588633,0.01629926396320194
0x68749665ff8d2d112fa859aa293f07a622782f38,-0.05,UB,118696040.11063714,118695539.80813935,2,486.46118949535355,,
0x7f39c581f595b53c5cb19bd0b3f8da6c935e2ca0,-0.4,Agent,69582254.87073976,69582254.87073976,101,4531489.624433114,957503.6531360926,0.5024359890814981
0x7f39c581f595b53c5cb19bd0b3f8da6c935e2ca0,-0.4,UB,92453699.33550274,90673844.9973247,46,1710523.5196312177,,
0x7f39c581f595b53c5cb19bd0b3f8da6c935e2ca0,-0.35,Agent,74328155.56385523,74328155.56385523,85,4725231.38461138,513414.23837823275,0.7848681092653272
0x7f39c581f595b53c5cb19bd0b3f8da6c935e2ca0,-0.35,UB,95826027.66780154,94272702.28608876,35,1518444.8835664836,,
0x7f39c581f595b53c5cb19bd0b3f8da6c935e2ca0,-0.3,Agent,81680416.0329547,81680416.0329547,69,2372195.566590468,309623.1093104773,0.7351724816777592
0x7f39c581f595b53c5cb19bd0b3f8da6c935e2ca0,-0.3,UB,99198356.00010034,98751813.02069905,25,433249.82274655916,,
0x7f39c581f595b53c5cb19bd0b3f8da6c935e2ca0,-0.25,Agent,86861051.87661353,86861051.87661353,56,2469059.5525270277,127437.2852007629,0.011541788748919297
0x7f39c581f595b53c5cb19bd0b3f8da6c935e2ca0,-0.25,UB,102570684.33239913,102292380.86081824,18,276130.08658056875,,
0x7f39c581f595b53c5cb19bd0b3f8da6c935e2ca0,-0.2,Agent,93353062.40225162,93353062.40225162,33,1459877.7655082077,39803.03554207008,0.017982169465982013
0x7f39c581f595b53c5cb19bd0b3f8da6c935e2ca0,-0.2,UB,105943012.66469792,105816758.50524063,9,125502.27478108836,,
0x7f39c581f595b53c5cb19bd0b3f8da6c935e2ca0,-0.15,Agent,100278820.21892788,100278820.21892788,17,262669.427943613,6328.528865882233,0.0326776955792257
0x7f39c581f595b53c5cb19bd0b3f8da6c935e2ca0,-0.15,UB,109315340.99699675,109297512.48369989,5,17806.065285933015,,
0x7f39c581f595b53c5cb19bd0b3f8da6c935e2ca0,-0.1,Agent,106445915.5422359,106445915.5422359,8,96461.30258792981,396.7868238917069,0.04963198374023919
0x7f39c581f595b53c5cb19bd0b3f8da6c935e2ca0,-0.1,UB,112687669.32929552,112670723.97339545,4,16924.645253376984,,
0x7f39c581f595b53c5cb19bd0b3f8da6c935e2ca0,-0.05,Agent,112820734.12571564,112820734.12571564,3,16854.944952972903,20.50036434060342,0.02639212141192722
0x7f39c581f595b53c5cb19bd0b3f8da6c935e2ca0,-0.05,UB,116059997.66159432,116059513.80558483,2,464.9008691290749,,
0x80ac24aa929eaf5013f6436cda2a7ba190f5cc0b,-0.4,Agent,85463577.68498391,85463577.68498391,26,9260998.970878897,43448.82637800844,0.06757112480252861
0x80ac24aa929eaf5013f6436cda2a7ba190f5cc0b,-0.4,UB,105823109.46061508,100240029.55133641,21,3930662.8102807123,,
0x80ac24aa929eaf5013f6436cda2a7ba190f5cc0b,-0.35,Agent,88028917.5546594,88028917.5546594,22,9519324.753319813,23462.49002555637,0.0842778780366199
0x80ac24aa929eaf5013f6436cda2a7ba190f5cc0b,-0.35,UB,107524261.52727486,101891014.33369096,18,4198307.370162271,,
0x80ac24aa929eaf5013f6436cda2a7ba190f5cc0b,-0.3,Agent,90787946.67025161,90787946.67025161,14,9665060.554731555,2193.531126271729,0.4441638760850406
0x80ac24aa929eaf5013f6436cda2a7ba190f5cc0b,-0.3,UB,109225413.5939346,104309258.62362833,13,3698692.7416508226,,
0x80ac24aa929eaf5013f6436cda2a7ba190f5cc0b,-0.25,Agent,102661566.33354492,102661566.33354492,11,756947.0230099113,0.0,1.0
0x80ac24aa929eaf5013f6436cda2a7ba190f5cc0b,-0.25,UB,110926565.66059434,105969570.53667064,11,3957102.1432511713,,
0x80ac24aa929eaf5013f6436cda2a7ba190f5cc0b,-0.2,Agent,105714635.64795628,105714635.64795628,6,747006.9513847302,0.0,1.0
0x80ac24aa929eaf5013f6436cda2a7ba190f5cc0b,-0.2,UB,112627717.7272541,107624813.34602599,10,4220774.1280942,,
0x80ac24aa929eaf5013f6436cda2a7ba190f5cc0b,-0.15,Agent,109578868.8116789,109578868.8116789,2,5718.243317250243,1.429471785428552,0.0964015268895745
0x80ac24aa929eaf5013f6436cda2a7ba190f5cc0b,-0.15,UB,114328869.79391386,109441377.69017337,6,4482414.960118629,,
0x80ac24aa929eaf5013f6436cda2a7ba190f5cc0b,-0.1,Agent,112786886.8955745,112786886.8955745,1,457.5655042260405,6.550856878453402,0.022297172956685075
0x80ac24aa929eaf5013f6436cda2a7ba190f5cc0b,-0.1,UB,116030021.86057359,111319735.3849371,5,4688897.40364428,,
0x80ac24aa929eaf5013f6436cda2a7ba190f5cc0b,-0.05,Agent,116069444.62902811,116069444.62902811,2,473.7507957029952,11.801920163196813,0.014835084302918366
0x80ac24aa929eaf5013f6436cda2a7ba190f5cc0b,-0.05,UB,117731173.92723338,116511396.84898861,4,1219762.6242759712,,
0x8236a87084f8b84306f72007f36f2618a5634494,-0.4,Agent,67969368.95961902,67969368.95961902,87,4634139.813500701,1298672.997204458,0.4227989152527325
0x8236a87084f8b84306f72007f36f2618a5634494,-0.4,UB,91832231.02051815,87696045.45731823,49,4038684.662651539,,
0x8236a87084f8b84306f72007f36f2618a5634494,-0.35,Agent,73053133.23364097,73053133.23364097,75,4591424.725635998,891230.588020391,0.5837995309050827
0x8236a87084f8b84306f72007f36f2618a5634494,-0.35,UB,95282242.89219004,91363393.89190295,40,3899814.6454716153,,
0x8236a87084f8b84306f72007f36f2618a5634494,-0.3,Agent,79047111.43272848,79047111.43272848,61,3874479.9730434786,549992.847348004,0.7892998498825201
0x8236a87084f8b84306f72007f36f2618a5634494,-0.3,UB,98732254.76386191,97368489.3323466,26,1356480.9234328785,,
0x8236a87084f8b84306f72007f36f2618a5634494,-0.25,Agent,85028377.02050112,85028377.02050112,50,3428233.3050470487,252958.56224380268,0.012221992732254681
0x8236a87084f8b84306f72007f36f2618a5634494,-0.25,UB,102182266.63553375,101290505.38178785,21,890503.5024894495,,
0x8236a87084f8b84306f72007f36f2618a5634494,-0.2,Agent,91327602.34777759,91327602.34777759,32,2903202.803990225,18937.299545597023,0.07860206876432847
0x8236a87084f8b84306f72007f36f2618a5634494,-0.2,UB,105632278.50720562,105552703.63374685,14,79574.87345878461,,
0x8236a87084f8b84306f72007f36f2618a5634494,-0.15,Agent,99247373.57422327,99247373.57422327,17,841941.0267549703,2790.342705981371,0.0632132252787792
0x8236a87084f8b84306f72007f36f2618a5634494,-0.15,UB,109082290.37887752,109047605.3279815,8,34685.05089600053,,
0x8236a87084f8b84306f72007f36f2618a5634494,-0.1,Agent,106218169.11199494,106218169.11199494,7,18487.2529095066,0.0,1.0
0x8236a87084f8b84306f72007f36f2618a5634494,-0.1,UB,112532302.25054938,112531848.94686553,1,449.892635790815,,
0x8236a87084f8b84306f72007f36f2618a5634494,-0.05,Agent,112682942.08536154,112682942.08536154,1,450.653067215478,3.976545304471994,0.03318113590578382
0x8236a87084f8b84306f72007f36f2618a5634494,-0.05,UB,115982314.12222125,115981833.75433934,2,470.026899849708,,
0x8292bb45bf1ee4d140127049757c2e0ff06317ed,-0.4,Agent,111350807.2892921,111350807.2892921,3,805.6822123363179,0.0,1.0
0x8292bb45bf1ee4d140127049757c2e0ff06317ed,-0.4,UB,115280220.36112972,115279751.26805823,2,469.09307147154186,,
0x8292bb45bf1ee4d140127049757c2e0ff06317ed,-0.35,Agent,112336465.88640669,112336465.88640669,2,791.0925530746517,0.0,1.0
0x8292bb45bf1ee4d140127049757c2e0ff06317ed,-0.35,UB,115799233.56522512,115798759.7276857,2,472.68706686214637,,
0x8292bb45bf1ee4d140127049757c2e0ff06317ed,-0.3,Agent,113329083.46918027,113329083.46918027,2,801.8373329167172,0.0,1.0
0x8292bb45bf1ee4d140127049757c2e0ff06317ed,-0.3,UB,116318246.76932058,116317768.22750926,2,475.06924978809593,,
0x8292bb45bf1ee4d140127049757c2e0ff06317ed,-0.25,Agent,114329038.26082389,114329038.26082389,1,459.693340786566,0.0,1.0
0x8292bb45bf1ee4d140127049757c2e0ff06317ed,-0.25,UB,116837259.97341599,116836776.73838562,2,477.4514327140455,,
0x8292bb45bf1ee4d140127049757c2e0ff06317ed,-0.2,Agent,115335625.190457,115335625.190457,2,469.7314572408223,0.0,1.0
0x8292bb45bf1ee4d140127049757c2e0ff06317ed,-0.2,UB,117356273.1775114,117355785.25999041,2,479.83361563999506,,
0x8292bb45bf1ee4d140127049757c2e0ff06317ed,-0.15,Agent,116349197.31709664,116349197.31709664,2,475.17343768345484,3.7192275297982347,0.036768710821355056
0x8292bb45bf1ee4d140127049757c2e0ff06317ed,-0.15,UB,117875286.38160685,117874793.79201184,2,482.21579856594457,,
0x8292bb45bf1ee4d140127049757c2e0ff06317ed,-0.1,Agent,117369753.74525863,117369753.74525863,2,479.8799213712657,8.192527542091549,0.01947034919830655
0x8292bb45bf1ee4d140127049757c2e0ff06317ed,-0.1,UB,118394299.58570226,118393802.33414997,2,484.5979814918942,,
0x8292bb45bf1ee4d140127049757c2e0ff06317ed,-0.05,Agent,118397294.45570742,118397294.45570742,2,484.6095579247118,12.680485956492943,0.014363883760593893
0x8292bb45bf1ee4d140127049757c2e0ff06317ed,-0.05,UB,118913312.78979766,118912810.88611636,2,486.9801644178437,,
0x9d39a5de30e57443bff2a8307a4256c8797a3497,-0.4,Agent,82906530.02254266,82906530.02254266,57,10859195.976875722,150239.25688236675,0.031932531840541505
0x9d39a5de30e57443bff2a8307a4256c8797a3497,-0.4,UB,105414274.25281009,103625869.7951861,31,1778122.5077342698,,
0x9d39a5de30e57443bff2a8307a4256c8797a3497,-0.35,Agent,85485363.72140682,85485363.72140682,49,11276745.02877891,67804.73562629736,0.05093042544215181
0x9d39a5de30e57443bff2a8307a4256c8797a3497,-0.35,UB,107166530.72044547,105636281.11660519,15,1522018.1070919854,,
0x9d39a5de30e57443bff2a8307a4256c8797a3497,-0.3,Agent,88601726.84519306,88601726.84519306,41,11196250.522238212,24626.308660002967,0.08439855433832301
0x9d39a5de30e57443bff2a8307a4256c8797a3497,-0.3,UB,108918787.18808085,107407900.38021663,10,1504784.508375626,,
0x9d39a5de30e57443bff2a8307a4256c8797a3497,-0.25,Agent,91391653.13386473,91391653.13386473,33,11490002.525875084,12380.167398605337,0.06200446943452153
0x9d39a5de30e57443bff2a8307a4256c8797a3497,-0.25,UB,110671043.65571623,110238399.28278877,7,428750.3209731351,,
0x9d39a5de30e57443bff2a8307a4256c8797a3497,-0.2,Agent,104536287.2561371,104536287.2561371,14,1498850.4306699624,9072.252146446404,0.0264403965897044
0x9d39a5de30e57443bff2a8307a4256c8797a3497,-0.2,UB,112423300.12335159,112355672.65118754,2,66015.38321660348,,
0x9d39a5de30e57443bff2a8307a4256c8797a3497,-0.15,Agent,108839982.43381323,108839982.43381323,8,427769.9135627705,5373.664160500699,0.011696931001548554
0x9d39a5de30e57443bff2a8307a4256c8797a3497,-0.15,UB,114175556.59098695,114107842.06381024,3,67714.52717670948,,
0x9d39a5de30e57443bff2a8307a4256c8797a3497,-0.1,Agent,112513281.31302817,112513281.31302817,2,66236.23615544647,1266.4957038364446,0.023029278396473354
0x9d39a5de30e57443bff2a8307a4256c8797a3497,-0.1,UB,115927813.05862236,115860891.97417778,3,66921.08444459528,,
0x9d39a5de30e57443bff2a8307a4256c8797a3497,-0.05,Agent,115900298.71109286,115900298.71109286,3,66885.32791346402,0.0,1.0
0x9d39a5de30e57443bff2a8307a4256c8797a3497,-0.05,UB,117680069.52625775,117679579.1426779,2,484.1237196629016,,
0xa0b86991c6218b36c1d19d4a2e9eb0ce3606eb48,-0.4,Agent,53519213.36175963,53519213.36175963,103,3745154.205738359,2783176.092037471,0.17410647047347463
0xa0b86991c6218b36c1d19d4a2e9eb0ce3606eb48,-0.4,UB,80684595.19530037,69943844.0267941,100,8106023.941497153,,
0xa0b86991c6218b36c1d19d4a2e9eb0ce3606eb48,-0.35,Agent,53204301.655492276,53204301.655492276,109,7981563.319944112,2822145.3225538544,0.3348863032592096
0xa0b86991c6218b36c1d19d4a2e9eb0ce3606eb48,-0.35,UB,84155728.39998692,66881608.18553927,96,15028437.140166197,,
0xa0b86991c6218b36c1d19d4a2e9eb0ce3606eb48,-0.3,Agent,58085400.49138173,58085400.49138173,94,8810114.828135228,2645049.6172319986,0.39134571422445424
0xa0b86991c6218b36c1d19d4a2e9eb0ce3606eb48,-0.3,UB,88714420.71578296,71158334.50834598,75,15320893.90606668,,
0xa0b86991c6218b36c1d19d4a2e9eb0ce3606eb48,-0.25,Agent,64546303.5659199,64546303.5659199,79,9673423.03163742,2032791.6405106336,0.5497255021623247
0xa0b86991c6218b36c1d19d4a2e9eb0ce3606eb48,-0.25,UB,93834071.59546795,76822945.52191935,56,15616083.395850996,,
0xa0b86991c6218b36c1d19d4a2e9eb0ce3606eb48,-0.2,Agent,72381603.08696546,72381603.08696546,64,9969875.289380636,1254329.2463228514,0.7758687129689377
0xa0b86991c6218b36c1d19d4a2e9eb0ce3606eb48,-0.2,UB,98953722.47515301,83654426.75523643,36,14431755.867714375,,
0xa0b86991c6218b36c1d19d4a2e9eb0ce3606eb48,-0.15,Agent,80765840.53199571,80765840.53199571,41,10401459.899766937,433132.65878936445,0.014772245504209707
0xa0b86991c6218b36c1d19d4a2e9eb0ce3606eb48,-0.15,UB,104073373.35483803,89255775.3450791,19,14381073.593542667,,
0xa0b86991c6218b36c1d19d4a2e9eb0ce3606eb48,-0.1,Agent,90728097.2010634,90728097.2010634,16,9438192.730756642,70104.70989699844,0.02616615808750758
0xa0b86991c6218b36c1d19d4a2e9eb0ce3606eb48,-0.1,UB,109193024.23452307,103695737.8958593,9,5476868.968393222,,
0xa0b86991c6218b36c1d19d4a2e9eb0ce3606eb48,-0.05,Agent,108748881.36100432,108748881.36100432,3,764810.9151597512,0.0,1.0
0xa0b86991c6218b36c1d19d4a2e9eb0ce3606eb48,-0.05,UB,114312675.11420809,113093171.3718146,3,1219503.3812617157,,
0xa1290d69c65a6fe4df752f95823fae25cb99e5a7,-0.4,Agent,64517222.552297145,64517222.552297145,85,9059484.399428219,927356.3601091148,0.5728529349498291
0xa1290d69c65a6fe4df752f95823fae25cb99e5a7,-0.4,UB,92025984.4622836,90500791.96781595,37,1467217.076496515,,
0xa1290d69c65a6fe4df752f95823fae25cb99e5a7,-0.35,Agent,74402271.17085485,74402271.17085485,69,4107232.108929384,529484.3881181891,0.7904729698255141
0xa1290d69c65a6fe4df752f95823fae25cb99e5a7,-0.35,UB,95451777.15373476,94052967.99371709,29,1380535.0066366233,,
0xa1290d69c65a6fe4df752f95823fae25cb99e5a7,-0.3,Agent,81059844.41988356,81059844.41988356,58,2539647.2197202393,283308.52127776976,0.8372860076669139
0xa1290d69c65a6fe4df752f95823fae25cb99e5a7,-0.3,UB,98877569.84518598,97885998.99679881,24,989115.4100837547,,
0xa1290d69c65a6fe4df752f95823fae25cb99e5a7,-0.25,Agent,86985320.31800692,86985320.31800692,45,1939366.6278378495,110813.84492723976,0.01331244645726802
0xa1290d69c65a6fe4df752f95823fae25cb99e5a7,-0.25,UB,102303362.53663716,102100002.97685122,16,202151.38830745898,,
0xa1290d69c65a6fe4df752f95823fae25cb99e5a7,-0.2,Agent,93103452.15119393,93103452.15119393,29,1367074.8849304996,26562.52144925072,0.029499686299195003
0xa1290d69c65a6fe4df752f95823fae25cb99e5a7,-0.2,UB,105729155.22808835,105710604.3430557,7,18550.885032657006,,
0xa1290d69c65a6fe4df752f95823fae25cb99e5a7,-0.15,Agent,99412803.48681176,99412803.48681176,18,852777.5354136903,1985.4390612347222,0.0752737093639631
0xa1290d69c65a6fe4df752f95823fae25cb99e5a7,-0.15,UB,109154947.91953954,109137523.5181833,5,17423.869983194938,,
0xa1290d69c65a6fe4df752f95823fae25cb99e5a7,-0.1,Agent,106328511.89686498,106328511.89686498,7,18419.605045887733,0.0,1.0
0xa1290d69c65a6fe4df752f95823fae25cb99e5a7,-0.1,UB,112580740.61099073,112580287.81744106,1,446.6527110325929,,
0xa1290d69c65a6fe4df752f95823fae25cb99e5a7,-0.05,Agent,112734730.5219854,112734730.5219854,1,447.5463534284612,6.611107537864995,0.021757990903989274
0xa1290d69c65a6fe4df752f95823fae25cb99e5a7,-0.05,UB,116006533.3024419,116006053.1857021,2,468.42831622346614,,
0xa3931d71877c0e7a3148cb7eb4463524fec27fbd,-0.4,Agent,101097734.5770659,101097734.5770659,18,822740.8681650978,84552.12620672784,0.7808232362632588
0xa3931d71877c0e7a3148cb7eb4463524fec27fbd,-0.4,UB,110147539.14009786,109382490.54877669,4,765030.9366807115,,
0xa3931d71877c0e7a3148cb7eb4463524fec27fbd,-0.35,Agent,103159891.15943646,103159891.15943646,14,836610.0266151694,62002.32888133814,0.8793210572128868
0xa3931d71877c0e7a3148cb7eb4463524fec27fbd,-0.35,UB,111308137.49682227,110542891.86330974,2,765235.9456565743,,
0xa3931d71877c0e7a3148cb7eb4463524fec27fbd,-0.3,Agent,105328425.35802236,105328425.35802236,8,780844.802977392,38405.40008895529,0.011283215402083362
0xa3931d71877c0e7a3148cb7eb4463524fec27fbd,-0.3,UB,112468735.85354665,111703293.31372377,2,765441.0018823987,,
0xa3931d71877c0e7a3148cb7eb4463524fec27fbd,-0.25,Agent,107511514.05094041,107511514.05094041,5,747839.3508846586,13190.30807985913,0.024615912125500614
0xa3931d71877c0e7a3148cb7eb4463524fec27fbd,-0.25,UB,113629334.21027106,112863695.13191049,2,765639.0783605862,,
0xa3931d71877c0e7a3148cb7eb4463524fec27fbd,-0.2,Agent,109670012.07857278,109670012.07857278,3,763081.3107829187,14.572025917185808,1.0
0xa3931d71877c0e7a3148cb7eb4463524fec27fbd,-0.2,UB,114789932.56699547,114789113.78363846,3,818.7833570179323,,
0xa3931d71877c0e7a3148cb7eb4463524fec27fbd,-0.15,Agent,111865024.24225962,111865024.24225962,2,764344.0732591235,0.0,1.0
0xa3931d71877c0e7a3148cb7eb4463524fec27fbd,-0.15,UB,115950530.92371987,115949699.6356774,3,831.2880424576032,,
0xa3931d71877c0e7a3148cb7eb4463524fec27fbd,-0.1,Agent,114860505.1885048,114860505.1885048,3,819.5838116111364,0.0,1.0
0xa3931d71877c0e7a3148cb7eb4463524fec27fbd,-0.1,UB,117111129.2804443,117110649.56474885,2,479.7156954272429,,
0xa3931d71877c0e7a3148cb7eb4463524fec27fbd,-0.05,Agent,117128497.33636457,117128497.33636457,2,479.99540996421644,0.0,1.0
0xa3931d71877c0e7a3148cb7eb4463524fec27fbd,-0.05,UB,118271727.6371687,118271234.3835813,2,485.73727177130655,,
0xae78736cd615f374d3085123a210448e74fc6393,-0.4,Agent,68624618.34900035,68624618.34900035,84,5159222.637657809,946436.0144262154,0.5413655594651573
0xae78736cd615f374d3085123a210448e74fc6393,-0.4,UB,92204038.76507616,90606558.9372768,38,1527998.5654930081,,
0xae78736cd615f374d3085123a210448e74fc6393,-0.35,Agent,74145850.3318489,74145850.3318489,72,4558482.949792567,546798.6208287617,0.7645501817649065
0xae78736cd615f374d3085123a210448e74fc6393,-0.35,UB,95607574.66867828,94204807.57653709,29,1380863.590736791,,
0xae78736cd615f374d3085123a210448e74fc6393,-0.3,Agent,80765966.52069451,80765966.52069451,59,3010307.004260947,300542.19967639796,0.7873957806454167
0xae78736cd615f374d3085123a210448e74fc6393,-0.3,UB,99011110.57228039,97968495.06129025,25,1039960.6367435965,,
0xae78736cd615f374d3085123a210448e74fc6393,-0.25,Agent,87085603.35878485,87085603.35878485,46,2003642.091008901,118083.01777552986,0.013011537517477125
0xae78736cd615f374d3085123a210448e74fc6393,-0.25,UB,102414646.47588255,102210302.11274207,16,202965.2528352862,,
0xae78736cd615f374d3085123a210448e74fc6393,-0.2,Agent,93246310.47995608,93246310.47995608,29,1366483.6826342558,29875.968692128197,0.028062119283608845
0xae78736cd615f374d3085123a210448e74fc6393,-0.2,UB,105818182.37948464,105799558.56697057,7,18623.812514061865,,
0xae78736cd615f374d3085123a210448e74fc6393,-0.15,Agent,99454720.37363593,99454720.37363593,20,926034.3478618031,2085.994273733548,0.08012179451663273
0xae78736cd615f374d3085123a210448e74fc6393,-0.15,UB,109221718.28308675,109204239.88833492,5,17476.506483051926,,
0xae78736cd615f374d3085123a210448e74fc6393,-0.1,Agent,106409353.98666245,106409353.98666245,7,18486.23437376641,0.0,1.0
0xae78736cd615f374d3085123a210448e74fc6393,-0.1,UB,112625254.18668887,112624775.83372891,2,471.31823292082896,,
0xae78736cd615f374d3085123a210448e74fc6393,-0.05,Agent,112777214.55923398,112777214.55923398,1,446.617808476823,7.470034334819302,0.01977593819952549
0xae78736cd615f374d3085123a210448e74fc6393,-0.05,UB,116028790.09029098,116028310.01598729,2,467.94369653064916,,
0xbe9895146f7af43049ca1c1ae358b0541ea49704,-0.4,Agent,69007391.02729665,69007391.02729665,84,4778034.03362793,937925.4984345956,0.5408795207873995
0xbe9895146f7af43049ca1c1ae358b0541ea49704,-0.4,UB,92208955.53510875,90684262.34502433,37,1457274.2213113068,,
0xbe9895146f7af43049ca1c1ae358b0541ea49704,-0.35,Agent,74599761.30249768,74599761.30249768,72,4102686.169488968,544456.9169823072,0.7646951652460529
0xbe9895146f7af43049ca1c1ae358b0541ea49704,-0.35,UB,95611876.84245679,94184184.19375882,30,1407064.408978166,,
0xbe9895146f7af43049ca1c1ae358b0541ea49704,-0.3,Agent,81308138.0655983,81308138.0655983,59,2470674.8709673565,295950.4533579555,0.7894590560427605
0xbe9895146f7af43049ca1c1ae358b0541ea49704,-0.3,UB,99014798.14980483,97975380.33719222,24,1036804.3997911143,,
0xbe9895146f7af43049ca1c1ae358b0541ea49704,-0.25,Agent,87088103.75332704,87088103.75332704,46,2001970.8151328508,116852.99376321804,0.012993628234013708
0xbe9895146f7af43049ca1c1ae358b0541ea49704,-0.25,UB,102417719.45715287,101580204.2998754,17,836236.01379725,,
0xbe9895146f7af43049ca1c1ae358b0541ea49704,-0.2,Agent,93249968.0854841,93249968.0854841,29,1364642.2957097285,28786.524673590287,0.028411920901554696
0xbe9895146f7af43049ca1c1ae358b0541ea49704,-0.2,UB,105820640.76450092,105802061.38603382,7,18579.378467101913,,
0xbe9895146f7af43049ca1c1ae358b0541ea49704,-0.15,Agent,99507790.62469995,99507790.62469995,19,874352.9274686815,2027.868687974454,0.07734900353001578
0xbe9895146f7af43049ca1c1ae358b0541ea49704,-0.15,UB,109223562.07184897,109206117.15158148,5,17444.920267490506,,
0xbe9895146f7af43049ca1c1ae358b0541ea49704,-0.1,Agent,106410805.44123909,106410805.44123909,7,18445.665951520932,0.0,1.0
0xbe9895146f7af43049ca1c1ae358b0541ea49704,-0.1,UB,112626483.37919702,112626005.81250069,2,471.90037294979686,,
0xbe9895146f7af43049ca1c1ae358b0541ea49704,-0.05,Agent,112778157.02913944,112778157.02913944,2,472.7718809697653,6.163849030061058,0.02297464089591196
0xbe9895146f7af43049ca1c1ae358b0541ea49704,-0.05,UB,116029404.68654506,116028925.00013034,2,468.23262785656135,,
0xbf5495efe5db9ce00f80364c8b423567e58d2110,-0.4,Agent,69418607.24783206,69418607.24783206,85,4784546.1746285,904817.605112643,0.5443976905230645
0xbf5495efe5db9ce00f80364c8b423567e58d2110,-0.4,UB,92506249.4462943,90982335.21327473,37,1465659.666040128,,
0xbf5495efe5db9ce00f80364c8b423567e58d2110,-0.35,Agent,74966255.24614379,74966255.24614379,71,4132941.0734355943,507216.15843778645,0.8053515888683921
0xbf5495efe5db9ce00f80364c8b423567e58d2110,-0.35,UB,95872009.01474415,94474311.64305882,29,1379878.8665617586,,
0xbf5495efe5db9ce00f80364c8b423567e58d2110,-0.3,Agent,81664928.95443973,81664928.95443973,59,2455560.519960003,282108.1455888695,0.8147067294251837
0xbf5495efe5db9ce00f80364c8b423567e58d2110,-0.3,UB,99237768.583194,98198698.79762885,24,1036628.2333230809,,
0xbf5495efe5db9ce00f80364c8b423567e58d2110,-0.25,Agent,87448471.19563085,87448471.19563085,45,1938158.2700133072,109896.98784330885,0.013356271410196243
0xbf5495efe5db9ce00f80364c8b423567e58d2110,-0.25,UB,102603528.15164386,102400291.63948539,16,202069.47136528871,,
0xbf5495efe5db9ce00f80364c8b423567e58d2110,-0.2,Agent,93495504.0298488,93495504.0298488,29,1366508.8763958905,26186.072269017954,0.030008205915111934
0xbf5495efe5db9ce00f80364c8b423567e58d2110,-0.2,UB,105969287.72009368,105950754.92000844,7,18532.800085249055,,
0xbf5495efe5db9ce00f80364c8b423567e58d2110,-0.15,Agent,99730947.2638498,99730947.2638498,17,844706.251849208,1961.6793684084407,0.07213987654133602
0xbf5495efe5db9ce00f80364c8b423567e58d2110,-0.15,UB,109335047.28854355,109317636.54228877,5,17410.746254784608,,
0xbf5495efe5db9ce00f80364c8b423567e58d2110,-0.1,Agent,106546372.03416878,106546372.03416878,7,18403.068979774023,0.0,1.0
0xbf5495efe5db9ce00f80364c8b423567e58d2110,-0.1,UB,112700806.8569934,112700328.79065317,2,472.5176434606896,,
0xbf5495efe5db9ce00f80364c8b423567e58d2110,-0.05,Agent,112849224.8837431,112849224.8837431,1,447.77341587868113,6.045598148730198,0.023353718350511504
0xbf5495efe5db9ce00f80364c8b423567e58d2110,-0.05,UB,116066566.42544323,116066086.48247379,2,468.54724846972323,,
0xc02aaa39b223fe8d0a0e5c4f27ead9083c756cc2,-0.4,Agent,68858994.66136035,68858994.66136035,91,4767826.108567411,979613.7909033324,0.5399552295531815
0xc02aaa39b223fe8d0a0e5c4f27ead9083c756cc2,-0.4,UB,92076734.76091011,90127363.1448986,41,1845447.9235643789,,
0xc02aaa39b223fe8d0a0e5c4f27ead9083c756cc2,-0.35,Agent,74444256.7546879,74444256.7546879,75,4082302.5571370698,601907.9714150106,0.7277170230165826
0xc02aaa39b223fe8d0a0e5c4f27ead9083c756cc2,-0.35,UB,95496183.665033,94077120.45753159,28,1375563.3047351188,,
0xc02aaa39b223fe8d0a0e5c4f27ead9083c756cc2,-0.3,Agent,81153020.78415957,81153020.78415957,62,2465042.9101322577,341351.65613529325,0.7125069042551437
0xc02aaa39b223fe8d0a0e5c4f27ead9083c756cc2,-0.3,UB,98915632.56915584,97851862.81204438,24,1059101.5282565842,,
0xc02aaa39b223fe8d0a0e5c4f27ead9083c756cc2,-0.25,Agent,86994674.9445178,86994674.9445178,48,1950121.1497601792,154482.66811449986,0.011405285408341924
0xc02aaa39b223fe8d0a0e5c4f27ead9083c756cc2,-0.25,UB,102335081.47327873,101478035.1512784,16,855954.2019374839,,
0xc02aaa39b223fe8d0a0e5c4f27ead9083c756cc2,-0.2,Agent,93103582.6765414,93103582.6765414,32,1397956.2834332,46518.55916149828,0.0209959168806505
0xc02aaa39b223fe8d0a0e5c4f27ead9083c756cc2,-0.2,UB,105754530.37740164,105059035.86944987,9,695494.5079517467,,
0xc02aaa39b223fe8d0a0e5c4f27ead9083c756cc2,-0.15,Agent,99478628.4378632,99478628.4378632,16,825201.584462669,1921.5983321346816,0.1482424981990941
0xc02aaa39b223fe8d0a0e5c4f27ead9083c756cc2,-0.15,UB,109173979.2815245,109156601.28372417,5,17377.99780032772,,
0xc02aaa39b223fe8d0a0e5c4f27ead9083c756cc2,-0.1,Agent,105675064.5256843,105675064.5256843,9,697296.5412738232,0.0,1.0
0xc02aaa39b223fe8d0a0e5c4f27ead9083c756cc2,-0.1,UB,112593428.18564735,112592954.130858,2,473.09670894592307,,
0xc02aaa39b223fe8d0a0e5c4f27ead9083c756cc2,-0.05,Agent,112747410.26128125,112747410.26128125,2,473.9169756946013,1.6797795244009772,0.07206194252023934
0xc02aaa39b223fe8d0a0e5c4f27ead9083c756cc2,-0.05,UB,116012877.08977023,116012399.1705811,2,468.7858565984972,,
0xc139190f447e929f090edeb554d95abb8b18ac1c,-0.4,Agent,72541696.85492401,72541696.85492401,80,4637799.092097998,1257173.3024513146,0.4156746236823348
0xc139190f447e929f090edeb554d95abb8b18ac1c,-0.4,UB,94756836.95263982,90406903.70362681,47,4107346.4088624152,,
0xc139190f447e929f090edeb554d95abb8b18ac1c,-0.35,Agent,77777458.446642,77777458.446642,66,3962167.4358135317,907637.1887170366,0.5173542626713656
0xc139190f447e929f090edeb554d95abb8b18ac1c,-0.35,UB,97841273.08279648,96298347.51977362,30,1344400.593290214,,
0xc139190f447e929f090edeb554d95abb8b18ac1c,-0.3,Agent,83411902.04534031,83411902.04534031,56,3104840.587953869,602218.0513928285,0.6211537654243356
0xc139190f447e929f090edeb554d95abb8b18ac1c,-0.3,UB,100925709.21295315,99849272.2320247,25,909380.1133742748,,
0xc139190f447e929f090edeb554d95abb8b18ac1c,-0.25,Agent,88299865.89033628,88299865.89033628,50,3284110.673210965,267785.52646941127,0.010002226033836945
0xc139190f447e929f090edeb554d95abb8b18ac1c,-0.25,UB,104010145.34310979,103071530.1545405,18,803082.558747066,,
0xc139190f447e929f090edeb554d95abb8b18ac1c,-0.2,Agent,95482434.7270837,95482434.7270837,31,1163809.8281497878,199422.73192801682,0.5043703727695383
0xc139190f447e929f090edeb554d95abb8b18ac1c,-0.2,UB,107094581.47326647,106204320.19091143,11,802290.0337202742,,
0xc139190f447e929f090edeb554d95abb8b18ac1c,-0.15,Agent,101187290.17953962,101187290.17953962,22,762440.1384782502,150945.95810372397,0.5904991477976274
0xc139190f447e929f090edeb554d95abb8b18ac1c,-0.15,UB,110179017.60342313,109377011.51793616,5,765174.5478724791,,
0xc139190f447e929f090edeb554d95abb8b18ac1c,-0.1,Agent,106811128.88173485,106811128.88173485,8,730893.8057569051,74766.36940513528,0.7969583840678127
0xc139190f447e929f090edeb554d95abb8b18ac1c,-0.1,UB,113263453.73357977,112471758.36941178,2,791689.9568772789,,
0xc139190f447e929f090edeb554d95abb8b18ac1c,-0.05,Agent,112603869.5367998,112603869.5367998,2,790132.3970726798,3.6956149252616166,1.0
0xc139190f447e929f090edeb554d95abb8b18ac1c,-0.05,UB,116347889.86373645,116347055.03929761,3,834.8244388681759,,
0xcbb7c0000ab88b473b1f5afd9ef808440eed33bf,-0.4,Agent,58762656.58284335,58762656.58284335,104,4362089.351923295,2277495.654439049,0.2459421710628756
0xcbb7c0000ab88b473b1f5afd9ef808440eed33bf,-0.4,UB,84816942.22501789,78911128.34192295,75,5193303.152950851,,
0xcbb7c0000ab88b473b1f5afd9ef808440eed33bf,-0.35,Agent,63912291.95574229,63912291.95574229,95,4918793.346286208,1662342.1200843551,0.3603050392222057
0xcbb7c0000ab88b473b1f5afd9ef808440eed33bf,-0.35,UB,89143865.19612727,83709335.3190234,63,5024705.405242455,,
0xcbb7c0000ab88b473b1f5afd9ef808440eed33bf,-0.3,Agent,70392496.60748652,70392496.60748652,82,4500169.850441756,1166968.1449999644,0.47958140108522623
0xcbb7c0000ab88b473b1f5afd9ef808440eed33bf,-0.3,UB,93470788.16723667,89365870.02807981,41,3991456.431354513,,
0xcbb7c0000ab88b473b1f5afd9ef808440eed33bf,-0.25,Agent,77135079.56107631,77135079.56107631,69,4271101.033135056,694682.5374404562,0.6850616488415817
0xcbb7c0000ab88b473b1f5afd9ef808440eed33bf,-0.25,UB,97797711.13834609,95023517.19721985,30,2769239.0940564987,,
0xcbb7c0000ab88b473b1f5afd9ef808440eed33bf,-0.2,Agent,84858518.17456436,84858518.17456436,53,3462676.4650144815,295918.3687047999,0.011165303993881864
0xcbb7c0000ab88b473b1f5afd9ef808440eed33bf,-0.2,UB,102124634.10945553,100793139.21757461,19,1330303.0256222114,,
0xcbb7c0000ab88b473b1f5afd9ef808440eed33bf,-0.15,Agent,93959631.48612645,93959631.48612645,27,1635122.041658823,13630.70503840343,0.05725684315742982
0xcbb7c0000ab88b473b1f5afd9ef808440eed33bf,-0.15,UB,106451557.08056489,106410096.06515746,10,41461.015407410654,,
0xcbb7c0000ab88b473b1f5afd9ef808440eed33bf,-0.1,Agent,102214262.27479666,102214262.27479666,16,859897.2171455021,517.3133297758508,0.16523550262785944
0xcbb7c0000ab88b473b1f5afd9ef808440eed33bf,-0.1,UB,110778480.0516743,110761567.12678194,3,16912.44654813762,,
0xcbb7c0000ab88b473b1f5afd9ef808440eed33bf,-0.05,Agent,110999121.66588531,110999121.66588531,3,16867.70934424808,1.3503988433202283,0.4304463236931387
0xcbb7c0000ab88b473b1f5afd9ef808440eed33bf,-0.05,UB,115105403.0227837,115104930.29665858,1,463.82923612350646,,
0xcd5fe23c85820f7b72d0926fc9b05b43e359b7ee,-0.4,Agent,68974328.50903775,68974328.50903775,86,4774460.607503903,965949.043385623,0.5294072466656894
0xcd5fe23c85820f7b72d0926fc9b05b43e359b7ee,-0.4,UB,92189239.70564874,90654549.4064208,38,1443343.7147110892,,
0xcd5fe23c85820f7b72d0926fc9b05b43e359b7ee,-0.35,Agent,74581521.11030026,74581521.11030026,72,4082864.0903933267,571612.4822659628,0.7350223694104556
0xcd5fe23c85820f7b72d0926fc9b05b43e359b7ee,-0.35,UB,95594625.49167927,94181005.31513238,29,1391414.627739734,,
0xcd5fe23c85820f7b72d0926fc9b05b43e359b7ee,-0.3,Agent,81290896.45234627,81290896.45234627,59,2454276.5185594503,317352.5082899851,0.7412399349523004
0xcd5fe23c85820f7b72d0926fc9b05b43e359b7ee,-0.3,UB,99000011.27770983,97640081.25809808,25,1356064.4476040737,,
0xcd5fe23c85820f7b72d0926fc9b05b43e359b7ee,-0.25,Agent,87069422.25144789,87069422.25144789,46,1989868.592294404,135030.70489335226,0.011468031838812953
0xcd5fe23c85820f7b72d0926fc9b05b43e359b7ee,-0.25,UB,102405397.06374034,101563014.61869603,17,841083.7579066916,,
0xcd5fe23c85820f7b72d0926fc9b05b43e359b7ee,-0.2,Agent,93224605.75516401,93224605.75516401,29,1376571.138299211,30208.99781627291,0.03064032290567625
0xcd5fe23c85820f7b72d0926fc9b05b43e359b7ee,-0.2,UB,105810782.84977093,105753601.76379472,8,57181.08597622406,,
0xcd5fe23c85820f7b72d0926fc9b05b43e359b7ee,-0.15,Agent,99492218.19506992,99492218.19506992,19,879460.7992236394,2039.5128335297666,0.09300525167099583
0xcd5fe23c85820f7b72d0926fc9b05b43e359b7ee,-0.15,UB,109216168.63580148,109198717.9325533,5,17450.703248164544,,
0xcd5fe23c85820f7b72d0926fc9b05b43e359b7ee,-0.1,Agent,106402866.44561957,106402866.44561957,7,18452.95055902796,0.0,1.0
0xcd5fe23c85820f7b72d0926fc9b05b43e359b7ee,-0.1,UB,112621554.42183201,112621077.02630523,2,471.79765108244334,,
0xcd5fe23c85820f7b72d0926fc9b05b43e359b7ee,-0.05,Agent,112773709.78501512,112773709.78501512,2,472.673507393387,6.099911409431447,0.023171858371463964
0xcd5fe23c85820f7b72d0926fc9b05b43e359b7ee,-0.05,UB,116026940.20786256,116026460.60847442,2,468.1794418997046,,
0xd11c452fc99cf405034ee446803b6f6c1f6d5ed8,-0.4,Agent,70967084.12941824,70967084.12941824,102,5264632.840329512,813725.2672059042,0.6545835509336081
0xd11c452fc99cf405034ee446803b6f6c1f6d5ed8,-0.4,UB,93943796.51706754,90906687.78372453,55,2980364.727493744,,
0xd11c452fc99cf405034ee446803b6f6c1f6d5ed8,-0.35,Agent,76303658.04451662,76303658.04451662,91,4594629.20884627,505965.0410678811,0.7352625742651369
0xd11c452fc99cf405034ee446803b6f6c1f6d5ed8,-0.35,UB,97129862.70167074,94147892.16133493,47,2966871.52403612,,
0xd11c452fc99cf405034ee446803b6f6c1f6d5ed8,-0.3,Agent,82156556.29480483,82156556.29480483,76,3607411.7404290354,267537.2915712743,0.01042528257865856
0xd11c452fc99cf405034ee446803b6f6c1f6d5ed8,-0.3,UB,100315928.88627395,98593502.26599087,35,1719269.7619793904,,
0xd11c452fc99cf405034ee446803b6f6c1f6d5ed8,-0.25,Agent,87814165.99735841,87814165.99735841,62,3006999.98016375,106035.35655449635,0.017070789121443056
0xd11c452fc99cf405034ee446803b6f6c1f6d5ed8,-0.25,UB,103501995.07087713,101932705.04769604,20,1568282.5724993271,,
0xd11c452fc99cf405034ee446803b6f6c1f6d5ed8,-0.2,Agent,93145631.0536215,93145631.0536215,47,2924285.0050159413,21424.257608024698,0.04418519060109429
0xd11c452fc99cf405034ee446803b6f6c1f6d5ed8,-0.2,UB,106688061.25548033,106273886.35902295,13,414169.0803620566,,
0xd11c452fc99cf405034ee446803b6f6c1f6d5ed8,-0.15,Agent,99976258.89547554,99976258.89547554,23,1545811.7410622765,1851.6367737058554,0.13843223451980338
0xd11c452fc99cf405034ee446803b6f6c1f6d5ed8,-0.15,UB,109874127.44008353,109797654.71328077,5,76464.05014691137,,
0xd11c452fc99cf405034ee446803b6f6c1f6d5ed8,-0.1,Agent,107149705.95309179,107149705.95309179,7,75234.58237261594,6.669810413393146,1.0
0xd11c452fc99cf405034ee446803b6f6c1f6d5ed8,-0.1,UB,113060193.62468672,113059733.44052877,2,448.6606027358385,,
0xd11c452fc99cf405034ee446803b6f6c1f6d5ed8,-0.05,Agent,113193953.8709441,113193953.8709441,2,449.50624148862204,11.734949775231943,0.01436365999991474
0xd11c452fc99cf405034ee446803b6f6c1f6d5ed8,-0.05,UB,116246259.80928992,116245776.43904509,2,469.0114750398159,,
0xdac17f958d2ee523a2206206994597c13d831ec7,-0.4,Agent,64374480.70536224,64374480.70536224,89,9541884.57059271,1407121.3638389597,0.5018091238822595
0xdac17f958d2ee523a2206206994597c13d831ec7,-0.4,UB,93229480.53665462,83334637.94077078,60,8855550.958126778,,
0xdac17f958d2ee523a2206206994597c13d831ec7,-0.35,Agent,69016093.42869997,69016093.42869997,78,9881892.523272336,1031637.4676677001,0.6145425985402443
0xdac17f958d2ee523a2206206994597c13d831ec7,-0.35,UB,96504836.21880944,87487230.35659203,48,8321315.527927841,,
0xdac17f958d2ee523a2206206994597c13d831ec7,-0.3,Agent,73536217.44979168,73536217.44979168,68,10562313.610975578,696505.7499806166,0.7513571768598934
0xdac17f958d2ee523a2206206994597c13d831ec7,-0.3,UB,99780191.90096426,91966570.595418,35,7359811.266857442,,
0xdac17f958d2ee523a2206206994597c13d831ec7,-0.25,Agent,78789238.95870326,78789238.95870326,50,10746971.064832458,383516.78958185227,0.9595199481701213
0xdac17f958d2ee523a2206206994597c13d831ec7,-0.25,UB,103055547.58311906,97348837.52385417,22,5476992.487385642,,
0xdac17f958d2ee523a2206206994597c13d831ec7,-0.2,Agent,92248369.67739652,92248369.67739652,33,2945925.9119634987,109397.83738904327,0.020248039445180718
0xdac17f958d2ee523a2206206994597c13d831ec7,-0.2,UB,106330903.26527387,100825430.75281173,14,5476246.979587601,,
0xdac17f958d2ee523a2206206994597c13d831ec7,-0.15,Agent,100088400.76856841,100088400.76856841,16,855866.8484770461,2669.0345969267146,0.1059797717766083
0xdac17f958d2ee523a2206206994597c13d831ec7,-0.15,UB,109606258.9474287,104979406.29001188,8,4626852.657416804,,
0xdac17f958d2ee523a2206206994597c13d831ec7,-0.1,Agent,106101076.98209554,106101076.98209554,7,748379.5057019416,0.0,1.0
0xdac17f958d2ee523a2206206994597c13d831ec7,-0.1,UB,112881614.62958351,111659882.50599648,3,1221732.123587008,,
0xdac17f958d2ee523a2206206994597c13d831ec7,-0.05,Agent,113010796.76749241,113010796.76749241,1,456.1677219663958,0.0,1.0
0xdac17f958d2ee523a2206206994597c13d831ec7,-0.05,UB,116156970.3117383,116156488.99113742,2,474.83556332436757,,
0xdc035d45d973e3ec169d2276ddab16f1e407384f,-0.4,Agent,93115335.54580218,93115335.54580218,15,9344518.644076457,2561.833987088484,0.9954126418241027
0xdc035d45d973e3ec169d2276ddab16f1e407384f,-0.4,UB,110437053.96168813,110357620.24277037,4,79433.71891777129,,
0xdc035d45d973e3ec169d2276ddab16f1e407384f,-0.35,Agent,94981927.03750937,94981927.03750937,13,9488788.432065897,1307.4464708174492,1.0
0xdc035d45d973e3ec169d2276ddab16f1e407384f,-0.35,UB,111561462.96571377,111481795.61089785,4,79665.73716284294,,
0xdc035d45d973e3ec169d2276ddab16f1e407384f,-0.3,Agent,96840493.09175605,96840493.09175605,11,9672883.953048455,147.5788713713299,1.0
0xdc035d45d973e3ec169d2276ddab16f1e407384f,-0.3,UB,112685871.9697394,112685412.35559626,1,455.74357124148327,,
0xdc035d45d973e3ec169d2276ddab16f1e407384f,-0.25,Agent,108491382.05971691,108491382.05971691,6,95539.08703818421,0.0,1.0
0xdc035d45d973e3ec169d2276ddab16f1e407384f,-0.25,UB,113810280.973765,113809813.66827647,1,461.1925286198235,,
0xdc035d45d973e3ec169d2276ddab16f1e407384f,-0.2,Agent,110630330.32734963,110630330.32734963,2,61881.95702760106,0.2009065686142438,1.0
0xdc035d45d973e3ec169d2276ddab16f1e407384f,-0.2,UB,114934689.97779065,114934214.99097084,1,466.64148599816383,,
0xdc035d45d973e3ec169d2276ddab16f1e407384f,-0.15,Agent,112828938.00590856,112828938.00590856,1,456.29066340686967,4.342689973886534,0.031115157458563393
0xdc035d45d973e3ec169d2276ddab16f1e407384f,-0.15,UB,116059098.98181625,116058615.45499319,2,472.9586459863252,,
0xdc035d45d973e3ec169d2276ddab16f1e407384f,-0.1,Agent,114998004.1707291,114998004.1707291,1,466.8846380716688,8.553322377333396,0.018471173057462306
0xdc035d45d973e3ec169d2276ddab16f1e407384f,-0.1,UB,117183507.98584189,117183016.77735293,2,478.42654643881457,,
0xdc035d45d973e3ec169d2276ddab16f1e407384f,-0.05,Agent,117198964.07251891,117198964.07251891,2,478.4875364908968,12.833511223164475,0.014120892370111384
0xdc035d45d973e3ec169d2276ddab16f1e407384f,-0.05,UB,118307916.9898675,118307418.10836586,2,483.894446891304,,
0xdd50c053c096cb04a3e3362e2b622529ec5f2e8a,-0.4,Agent,119431815.75550646,119431815.75550646,2,489.3623473437933,17.18391228769716,0.011909293761489057
0xdd50c053c096cb04a3e3362e2b622529ec5f2e8a,-0.4,UB,119432324.14782928,119431817.60156965,2,489.3623473437933,,
0xdd50c053c096cb04a3e3362e2b622529ec5f2e8a,-0.35,Agent,119431816.21702227,119431816.21702227,2,489.3623473437933,17.18391228769716,0.011909293761489057
0xdd50c053c096cb04a3e3362e2b622529ec5f2e8a,-0.35,UB,119432324.37858726,119431817.83232763,2,489.3623473437933,,
0xdd50c053c096cb04a3e3362e2b622529ec5f2e8a,-0.3,Agent,119431816.6785381,119431816.6785381,2,489.3623473437933,17.18391228769716,0.011909293761489057
0xdd50c053c096cb04a3e3362e2b622529ec5f2e8a,-0.3,UB,119432324.60934524,119431818.06308562,2,489.3623473437933,,
0xdd50c053c096cb04a3e3362e2b622529ec5f2e8a,-0.25,Agent,119431817.14005394,119431817.14005394,2,489.3623473437933,17.18391228769716,0.011909293761489057
0xdd50c053c096cb04a3e3362e2b622529ec5f2e8a,-0.25,UB,119432324.84010322,119431818.2938436,2,489.3623473437933,,
0xdd50c053c096cb04a3e3362e2b622529ec5f2e8a,-0.2,Agent,119431817.60156982,119431817.60156982,2,489.3623473437933,17.18391228769716,0.011909293761489057
0xdd50c053c096cb04a3e3362e2b622529ec5f2e8a,-0.2,UB,119432325.0708612,119431818.52460158,2,489.3623473437933,,
0xdd50c053c096cb04a3e3362e2b622529ec5f2e8a,-0.15,Agent,119431818.0630857,119431818.0630857,2,489.3623473437933,17.18391228769716,0.011909293761489057
0xdd50c053c096cb04a3e3362e2b622529ec5f2e8a,-0.15,UB,119432325.30161919,119431818.75535956,2,489.3623473437933,,
0xdd50c053c096cb04a3e3362e2b622529ec5f2e8a,-0.1,Agent,119431818.52460161,119431818.52460161,2,489.3623473437933,17.18391228769716,0.011909293761489057
0xdd50c053c096cb04a3e3362e2b622529ec5f2e8a,-0.1,UB,119432325.53237717,119431818.98611754,2,489.3623473437933,,
0xdd50c053c096cb04a3e3362e2b622529ec5f2e8a,-0.05,Agent,119431818.98611754,119431818.98611754,2,489.3623473437933,17.18391228769716,0.011909293761489057
0xdd50c053c096cb04a3e3362e2b622529ec5f2e8a,-0.05,UB,119432325.76313514,119431819.21687551,2,489.3623473437933,,
