asset,shock,mode,family,level,tvl_initial,tvl_final,total_liquidations,total_liquidated_value_usd,final_bad_debt_usd,liquidation_efficiency
0x2260fac5e5542a773aa44fbcfedf7c193bc2c599,-0.4,Agent,ltv_targeted,-0.10,57909842.01006871,57909842.01006871,107,4121170.6150478213,2488277.428202991,0.21353483918049815
0x2260fac5e5542a773aa44fbcfedf7c193bc2c599,-0.375,Agent,ltv_targeted,-0.10,60326981.68297115,60326981.68297115,104,4506146.145338236,2187637.560227282,0.25970454196702836
0x2260fac5e5542a773aa44fbcfedf7c193bc2c599,-0.35,Agent,ltv_targeted,-0.10,63061666.34884903,63061666.34884903,98,4723711.745467049,1860941.2175802037,0.3176983948588115
0x2260fac5e5542a773aa44fbcfedf7c193bc2c599,-0.325,Agent,ltv_targeted,-0.10,65809996.04146056,65809996.04146056,95,4994063.563903519,1591892.2180343594,0.3488018387347986
0x2260fac5e5542a773aa44fbcfedf7c193bc2c599,-0.3,Agent,ltv_targeted,-0.10,69612655.82353836,69612655.82353836,84,4316832.891352102,1340174.2081525798,0.4187109763379212
0x2260fac5e5542a773aa44fbcfedf7c193bc2c599,-0.275,Agent,ltv_targeted,-0.10,72580336.97561365,72580336.97561365,80,4631400.04159845,1055715.593618047,0.521016683352331
0x2260fac5e5542a773aa44fbcfedf7c193bc2c599,-0.25,Agent,ltv_targeted,-0.10,76225650.30956617,76225650.30956617,75,4329333.348842156,834337.228351463,0.6059044845816763
0x2260fac5e5542a773aa44fbcfedf7c193bc2c599,-0.225,Agent,ltv_targeted,-0.10,79944133.9352175,79944133.9352175,65,4086485.885266501,604647.9303479035,0.7687165666813621
0x2260fac5e5542a773aa44fbcfedf7c193bc2c599,-0.2,Agent,ltv_targeted,-0.10,83651828.75241743,83651828.75241743,57,3962075.1744378787,391389.2761911876,1.0843036046212962
0x2260fac5e5542a773aa44fbcfedf7c193bc2c599,-0.175,Agent,ltv_targeted,-0.10,87910563.30296558,87910563.30296558,47,3379684.615736553,209149.32470143714,1.5796430874712373
0x2260fac5e5542a773aa44fbcfedf7c193bc2c599,-0.15,Agent,ltv_targeted,-0.10,91726078.71102138,91726078.71102138,37,3345046.883856179,46454.27702561714,4.787350232468439
0x2260fac5e5542a773aa44fbcfedf7c193bc2c599,-0.125,Agent,ltv_targeted,-0.10,97381425.78656748,97381425.78656748,27,1473616.9135891392,4798.388388655249,19.095773481685136
0x2260fac5e5542a773aa44fbcfedf7c193bc2c599,-0.1,Agent,ltv_targeted,-0.10,101325881.1003087,101325881.1003087,21,1398989.5322055938,1310.2608155577623,34.042695941958485
0x2260fac5e5542a773aa44fbcfedf7c193bc2c599,-0.075,Agent,ltv_targeted,-0.10,106680417.84249477,106680417.84249477,8,36181.44376217354,0.0,1.0
0x2260fac5e5542a773aa44fbcfedf7c193bc2c599,-0.05,Agent,ltv_targeted,-0.10,110813803.23063153,110813803.23063153,4,17291.52776420586,1.5089307637383857,81.02344691869607
0x2260fac5e5542a773aa44fbcfedf7c193bc2c599,-0.025,Agent,ltv_targeted,-0.10,115069199.10980041,115069199.10980041,1,463.5400327038099,9.18670544247448,1.7435468246003967
0x437cc33344a0b27a429f795ff6b469c72698b291,-0.4,Agent,ltv_targeted,-0.10,118557573.58364384,118557573.58364384,2,483.50481149712516,11.156875256466316,1.5657574374413024
0x437cc33344a0b27a429f795ff6b469c72698b291,-0.375,Agent,ltv_targeted,-0.10,118611984.67540513,118611984.67540513,2,483.8698735344568,11.53292527109561,1.5310022654804871
0x437cc33344a0b27a429f795ff6b469c72698b291,-0.35,Agent,ltv_targeted,-0.10,118666426.3371337,118666426.3371337,2,484.23507343219984,11.909058427821702,1.4984231770095768
0x437cc33344a0b27a429f795ff6b469c72698b291,-0.325,Agent,ltv_targeted,-0.10,118720898.56882901,118720898.56882901,2,484.6004111903541,12.285275196724143,1.4678209428421343
0x437cc33344a0b27a429f795ff6b469c72698b291,-0.3,Agent,ltv_targeted,-0.10,118775401.3704906,118775401.3704906,2,484.9658868089198,12.661576045936137,1.4390199366065577
0x437cc33344a0b27a429f795ff6b469c72698b291,-0.275,Agent,ltv_targeted,-0.10,118829934.74211808,118829934.74211808,2,485.33150028789686,13.037961441655108,1.4118647399807027
0x437cc33344a0b27a429f795ff6b469c72698b291,-0.25,Agent,ltv_targeted,-0.10,118884498.68371087,118884498.68371087,2,485.6972516272853,13.414431848151088,1.3862173174617194
0x437cc33344a0b27a429f795ff6b469c72698b291,-0.225,Agent,ltv_targeted,-0.10,118939093.19526862,118939093.19526862,2,486.06314082708496,13.790987727778694,1.3619546522278294
0x437cc33344a0b27a429f795ff6b469c72698b291,-0.2,Agent,ltv_targeted,-0.10,118993718.27679077,118993718.27679077,2,486.429167887296,14.16762954098497,1.338966757622702
0x437cc33344a0b27a429f795ff6b469c72698b291,-0.175,Agent,ltv_targeted,-0.10,119048373.92827693,119048373.92827693,2,486.79533280791844,14.544357746320417,1.3171549964312168
0x437cc33344a0b27a429f795ff6b469c72698b291,-0.15,Agent,ltv_targeted,-0.10,119103060.1497266,119103060.1497266,2,487.1616355889522,14.921172800448968,1.2964306537631625
0x437cc33344a0b27a429f795ff6b469c72698b291,-0.125,Agent,ltv_targeted,-0.10,119157776.94113936,119157776.94113936,2,487.5280762303974,15.298075158156374,1.27671371999472
0x437cc33344a0b27a429f795ff6b469c72698b291,-0.1,Agent,ltv_targeted,-0.10,119212524.30251473,119212524.30251473,2,487.89465473225385,15.675065272362268,1.2579318485597033
0x437cc33344a0b27a429f795ff6b469c72698b291,-0.075,Agent,ltv_targeted,-0.10,119267302.23385228,119267302.23385228,2,488.2613710945218,16.05214359412576,1.2400194599696421
0x437cc33344a0b27a429f795ff6b469c72698b291,-0.05,Agent,ltv_targeted,-0.10,119322110.73515156,119322110.73515156,2,488.62822531720093,16.429310572659432,1.2229169686727417
0x437cc33344a0b27a429f795ff6b469c72698b291,-0.025,Agent,ltv_targeted,-0.10,119376949.80641209,119376949.80641209,2,488.99521740029144,16.806566655335583,1.2065701135431837
0x4c9edd5852cd905f086c759e8383e09bff1e68b3,-0.4,Agent,ltv_targeted,-0.10,55882702.69417066,55882702.69417066,104,3807370.3259065263,2652906.3221440325,0.1812476181303607
0x4c9edd5852cd905f086c759e8383e09bff1e68b3,-0.375,Agent,ltv_targeted,-0.10,56687119.74788019,56687119.74788019,103,3947234.238686164,2547459.437399851,0.19057044368677806
0x4c9edd5852cd905f086c759e8383e09bff1e68b3,-0.35,Agent,ltv_targeted,-0.10,58056137.350924455,58056137.350924455,103,3907556.9458247856,2388714.685381607,0.21203310464902692
0x4c9edd5852cd905f086c759e8383e09bff1e68b3,-0.325,Agent,ltv_targeted,-0.10,57300393.37193712,57300393.37193712,102,7672511.058324976,2063249.047522882,0.2956147089771636
0x4c9edd5852cd905f086c759e8383e09bff1e68b3,-0.3,Agent,ltv_targeted,-0.10,59890486.130442575,59890486.130442575,99,8443092.008360144,1732882.1942550864,0.354006580178115
0x4c9edd5852cd905f086c759e8383e09bff1e68b3,-0.275,Agent,ltv_targeted,-0.10,62864579.364202745,62864579.364202745,94,8965671.417817773,1433211.0652532352,0.37723816453070097
0x4c9edd5852cd905f086c759e8383e09bff1e68b3,-0.25,Agent,ltv_targeted,-0.10,71068152.06915845,71068152.06915845,86,4391822.2535860995,1167183.6976882254,0.46072740823921543
0x4c9edd5852cd905f086c759e8383e09bff1e68b3,-0.225,Agent,ltv_targeted,-0.10,74757232.30320483,74757232.30320483,75,4501483.342193044,898833.2071369975,0.5645408332708785
0x4c9edd5852cd905f086c759e8383e09bff1e68b3,-0.2,Agent,ltv_targeted,-0.10,79234616.67394333,79234616.67394333,64,3960509.981617656,659507.6880191125,0.7110558196581049
0x4c9edd5852cd905f086c759e8383e09bff1e68b3,-0.175,Agent,ltv_targeted,-0.10,83330512.88648765,83330512.88648765,57,3953547.6483192304,434353.95876154845,1.0135333240787412
0x4c9edd5852cd905f086c759e8383e09bff1e68b3,-0.15,Agent,ltv_targeted,-0.10,88086027.89359254,88086027.89359254,47,3453048.6279108794,209812.7809964289,1.586741406938269
0x4c9edd5852cd905f086c759e8383e09bff1e68b3,-0.125,Agent,ltv_targeted,-0.10,93431380.30349907,93431380.30349907,31,2432110.5336044836,82567.93327073946,2.0384458671890417
0x4c9edd5852cd905f086c759e8383e09bff1e68b3,-0.1,Agent,ltv_targeted,-0.10,98961446.3350554,98961446.3350554,22,1316861.3023380195,31615.25979847811,2.8959051113005634
0x4c9edd5852cd905f086c759e8383e09bff1e68b3,-0.075,Agent,ltv_targeted,-0.10,103997680.19787228,103997680.19787228,13,842782.0987318807,19.38634841353465,1342.2782672432727
0x4c9edd5852cd905f086c759e8383e09bff1e68b3,-0.05,Agent,ltv_targeted,-0.10,108805664.98543963,108805664.98543963,4,732070.1422166809,0.0,1.0
0x4c9edd5852cd905f086c759e8383e09bff1e68b3,-0.025,Agent,ltv_targeted,-0.10,114400504.17013039,114400504.17013039,3,1179.0611727689861,0.0,1.0
0x68749665ff8d2d112fa859aa293f07a622782f38,-0.4,Agent,ltv_targeted,-0.10,108060281.13537495,108060281.13537495,4,62499.27788782851,0.0,1.0
0x68749665ff8d2d112fa859aa293f07a622782f38,-0.375,Agent,ltv_targeted,-0.10,108739294.52707799,108739294.52707799,4,62733.155786769625,0.0,1.0
0x68749665ff8d2d112fa859aa293f07a622782f38,-0.35,Agent,ltv_targeted,-0.10,109421987.7668916,109421987.7668916,3,62967.09613345665,0.0,1.0
0x68749665ff8d2d112fa859aa293f07a622782f38,-0.325,Agent,ltv_targeted,-0.10,110108360.82578862,110108360.82578862,3,63201.12795506373,0.0,1.0
0x68749665ff8d2d112fa859aa293f07a622782f38,-0.3,Agent,ltv_targeted,-0.10,110797981.88740711,110797981.88740711,4,63867.067613498926,0.0,1.0
0x68749665ff8d2d112fa859aa293f07a622782f38,-0.275,Agent,ltv_targeted,-0.10,111491708.59543504,111491708.59543504,4,64107.2714208362,0.0,1.0
0x68749665ff8d2d112fa859aa293f07a622782f38,-0.25,Agent,ltv_targeted,-0.10,112189115.10195473,112189115.10195473,4,64347.58729472604,0.0,1.0
0x68749665ff8d2d112fa859aa293f07a622782f38,-0.225,Agent,ltv_targeted,-0.10,112953615.91587074,112953615.91587074,3,1173.5063306123297,0.0,1.0
0x68749665ff8d2d112fa859aa293f07a622782f38,-0.2,Agent,ltv_targeted,-0.10,113658619.10291637,113658619.10291637,3,1176.9627952204828,0.0,1.0
0x68749665ff8d2d112fa859aa293f07a622782f38,-0.175,Agent,ltv_targeted,-0.10,114367658.10048021,114367658.10048021,2,824.5192999323522,0.0,1.0
0x68749665ff8d2d112fa859aa293f07a622782f38,-0.15,Agent,ltv_targeted,-0.10,115080380.61651292,115080380.61651292,1,468.46789412019456,0.0,1.0
0x68749665ff8d2d112fa859aa293f07a622782f38,-0.125,Agent,ltv_targeted,-0.10,115796419.92236336,115796419.92236336,2,474.96391356302024,0.5733153348643842,21.164355570659826
0x68749665ff8d2d112fa859aa293f07a622782f38,-0.1,Agent,ltv_targeted,-0.10,116516140.03065594,116516140.03065594,2,477.8264234453468,3.8882563887671315,3.554042985044167
0x68749665ff8d2d112fa859aa293f07a622782f38,-0.075,Agent,ltv_targeted,-0.10,117239540.03767213,117239540.03767213,2,480.69752176458724,7.2064436968669865,2.150072363678781
0x68749665ff8d2d112fa859aa293f07a622782f38,-0.05,Agent,ltv_targeted,-0.10,117966619.94306304,117966619.94306304,2,483.57720852074186,10.528226237588633,1.629926396320194
0x68749665ff8d2d112fa859aa293f07a622782f38,-0.025,Agent,ltv_targeted,-0.10,118697379.74649182,118697379.74649182,2,486.4654837138105,13.853940754505377,1.3582375349852527
0x7f39c581f595b53c5cb19bd0b3f8da6c935e2ca0,-0.4,Agent,ltv_targeted,-0.10,69553600.83053584,69553600.83053584,108,4551675.678902927,965971.6388701847,0.5096235921703095
0x7f39c581f595b53c5cb19bd0b3f8da6c935e2ca0,-0.375,Agent,ltv_targeted,-0.10,71958825.75976221,71958825.75976221,97,4555654.043902966,767059.8034773833,0.6222176380087847
0x7f39c581f595b53c5cb19bd0b3f8da6c935e2ca0,-0.35,Agent,ltv_targeted,-0.10,74283353.8418951,74283353.8418951,90,4747545.379739114,535901.9652106324,0.8051147812819175
0x7f39c581f595b53c5cb19bd0b3f8da6c935e2ca0,-0.325,Agent,ltv_targeted,-0.10,76662026.86239627,76662026.86239627,88,4848333.614242434,416672.4107771753,0.8683038174577632
0x7f39c581f595b53c5cb19bd0b3f8da6c935e2ca0,-0.3,Agent,ltv_targeted,-0.10,81199933.00003642,81199933.00003642,73,2851266.5738596185,311035.13495957135,0.9166502620636756
0x7f39c581f595b53c5cb19bd0b3f8da6c935e2ca0,-0.275,Agent,ltv_targeted,-0.10,83721983.41578971,83721983.41578971,70,2940561.8464538534,209861.38892053638,1.2514489245438398
0x7f39c581f595b53c5cb19bd0b3f8da6c935e2ca0,-0.25,Agent,ltv_targeted,-0.10,86394275.75236127,86394275.75236127,60,2929990.6142431106,133282.34773695192,1.7144607687028346
0x7f39c581f595b53c5cb19bd0b3f8da6c935e2ca0,-0.225,Agent,ltv_targeted,-0.10,89580453.77106628,89580453.77106628,53,2462644.5255099894,74562.60181098341,2.345873710841237
0x7f39c581f595b53c5cb19bd0b3f8da6c935e2ca0,-0.2,Agent,ltv_targeted,-0.10,92825906.43181854,92825906.43181854,42,1981258.4325976493,45578.33888570846,2.21525382013726
0x7f39c581f595b53c5cb19bd0b3f8da6c935e2ca0,-0.175,Agent,ltv_targeted,-0.10,96844656.01416747,96844656.01416747,28,795608.8346547163,22530.780263056884,2.4431246209577324
0x7f39c581f595b53c5cb19bd0b3f8da6c935e2ca0,-0.15,Agent,ltv_targeted,-0.10,100147906.54205889,100147906.54205889,20,393571.14140579087,6340.492272700478,4.9821364329334275
0x7f39c581f595b53c5cb19bd0b3f8da6c935e2ca0,-0.125,Agent,ltv_targeted,-0.10,103201171.75239219,103201171.75239219,14,304749.5944670481,1889.4963989244354,7.501006147626416
0x7f39c581f595b53c5cb19bd0b3f8da6c935e2ca0,-0.1,Agent,ltv_targeted,-0.10,106445872.65486391,106445872.65486391,9,96504.18995992703,396.7868238917069,5.069246218057816
0x7f39c581f595b53c5cb19bd0b3f8da6c935e2ca0,-0.075,Agent,ltv_targeted,-0.10,109634588.04613712,109634588.04613712,6,18096.516144721078,21.978624154634623,42.436055008711314
0x7f39c581f595b53c5cb19bd0b3f8da6c935e2ca0,-0.05,Agent,ltv_targeted,-0.10,112820361.50242946,112820361.50242946,4,17227.56823917113,20.50036434060342,3.210981808444155
0x7f39c581f595b53c5cb19bd0b3f8da6c935e2ca0,-0.025,Agent,ltv_targeted,-0.10,116096998.61347492,116096998.61347492,2,465.20636331585797,18.902190430430238,1.0917868691627695
0x80ac24aa929eaf5013f6436cda2a7ba190f5cc0b,-0.4,Agent,ltv_targeted,-0.10,84884405.46027344,84884405.46027344,33,9840164.699461337,43455.32250602763,8.115860942690851
0x80ac24aa929eaf5013f6436cda2a7ba190f5cc0b,-0.375,Agent,ltv_targeted,-0.10,86203445.8167539,86203445.8167539,28,9922743.504607454,33698.738468833704,8.809367725008087
0x80ac24aa929eaf5013f6436cda2a7ba190f5cc0b,-0.35,Agent,ltv_targeted,-0.10,87480857.79273784,87480857.79273784,28,10067365.458564434,23481.54670248054,10.215749554802555
0x80ac24aa929eaf5013f6436cda2a7ba190f5cc0b,-0.325,Agent,ltv_targeted,-0.10,88783729.93361346,88783729.93361346,25,10206799.554764196,12946.208386832297,14.021661439276684
0x80ac24aa929eaf5013f6436cda2a7ba190f5cc0b,-0.3,Agent,ltv_targeted,-0.10,90256902.75384371,90256902.75384371,20,10196094.825819632,2203.1764460974523,55.622331576076476
0x80ac24aa929eaf5013f6436cda2a7ba190f5cc0b,-0.275,Agent,ltv_targeted,-0.10,92024878.54535843,92024878.54535843,16,9902001.430681126,0.0,1.0
0x80ac24aa929eaf5013f6436cda2a7ba190f5cc0b,-0.25,Agent,ltv_targeted,-0.10,102661523.39567916,102661523.39567916,12,756989.9608756738,0.0,1.0
0x80ac24aa929eaf5013f6436cda2a7ba190f5cc0b,-0.225,Agent,ltv_targeted,-0.10,104187095.5466049,104187095.5466049,7,743005.3510504373,0.0,1.0
0x80ac24aa929eaf5013f6436cda2a7ba190f5cc0b,-0.2,Agent,ltv_targeted,-0.10,105714242.92264445,105714242.92264445,7,747399.6766965721,0.0,1.0
0x80ac24aa929eaf5013f6436cda2a7ba190f5cc0b,-0.175,Agent,ltv_targeted,-0.10,107261367.34117764,107261367.34117764,5,751771.1204342596,0.0,1.0
0x80ac24aa929eaf5013f6436cda2a7ba190f5cc0b,-0.15,Agent,ltv_targeted,-0.10,109578489.5526616,109578489.5526616,3,6097.502334568339,1.429471785428552,22.482111379261713
0x80ac24aa929eaf5013f6436cda2a7ba190f5cc0b,-0.125,Agent,ltv_targeted,-0.10,111175166.26425262,111175166.26425262,2,822.4296186566398,3.974037878477005,6.215344126825516
0x80ac24aa929eaf5013f6436cda2a7ba190f5cc0b,-0.1,Agent,ltv_targeted,-0.10,112786521.37288317,112786521.37288317,2,823.0881955403595,6.550856878453402,2.935104651763918
0x80ac24aa929eaf5013f6436cda2a7ba190f5cc0b,-0.075,Agent,ltv_targeted,-0.10,114418189.16746798,114418189.16746798,1,465.1889816469497,9.16009756784763,1.7517439832206998
0x80ac24aa929eaf5013f6436cda2a7ba190f5cc0b,-0.05,Agent,ltv_targeted,-0.10,116069444.62902811,116069444.62902811,2,473.7507957029952,11.801920163196813,1.4835084302918367
0x80ac24aa929eaf5013f6436cda2a7ba190f5cc0b,-0.025,Agent,ltv_targeted,-0.10,117740655.00605747,117740655.00605747,2,481.5249916420001,14.47647685164931,1.3111717987452125
0x8236a87084f8b84306f72007f36f2618a5634494,-0.4,Agent,ltv_targeted,-0.10,67947601.29907237,67947601.29907237,92,4648859.762946958,1305720.7083048422,0.43054433738149134
0x8236a87084f8b84306f72007f36f2618a5634494,-0.375,Agent,ltv_targeted,-0.10,70467411.66646671,70467411.66646671,85,4617383.423181049,1096416.4530568377,0.5216648263400091
0x8236a87084f8b84306f72007f36f2618a5634494,-0.35,Agent,ltv_targeted,-0.10,72853953.99133253,72853953.99133253,81,4788910.737446649,892923.8185181991,0.6042479552850133
0x8236a87084f8b84306f72007f36f2618a5634494,-0.325,Agent,ltv_targeted,-0.10,75822333.74861637,75822333.74861637,76,4418604.982395394,724974.0530907483,0.676108295460179
0x8236a87084f8b84306f72007f36f2618a5634494,-0.3,Agent,ltv_targeted,-0.10,79002842.6818324,79002842.6818324,64,3914238.894374289,554502.6769132896,0.7966814361743298
0x8236a87084f8b84306f72007f36f2618a5634494,-0.275,Agent,ltv_targeted,-0.10,81640500.68391946,81640500.68391946,59,4006307.990871179,405994.2795591657,1.031836556888937
0x8236a87084f8b84306f72007f36f2618a5634494,-0.25,Agent,ltv_targeted,-0.10,84919625.55679199,84919625.55679199,54,3528238.605563214,261704.72543678345,1.3965586193625472
0x8236a87084f8b84306f72007f36f2618a5634494,-0.225,Agent,ltv_targeted,-0.10,87924661.26704305,87924661.26704305,46,3406075.6065269974,111145.17987647947,2.650625761357325
0x8236a87084f8b84306f72007f36f2618a5634494,-0.2,Agent,ltv_targeted,-0.10,90836698.39622113,90836698.39622113,40,3374531.2505977317,38512.80449454101,5.449108494771115
0x8236a87084f8b84306f72007f36f2618a5634494,-0.175,Agent,ltv_targeted,-0.10,95336799.7606362,95336799.7606362,29,1790558.3192365635,5792.001519888835,17.074022746386174
0x8236a87084f8b84306f72007f36f2618a5634494,-0.15,Agent,ltv_targeted,-0.10,98697915.32413267,98697915.32413267,23,1391385.3832588387,2804.2362927037357,21.819136055230565
0x8236a87084f8b84306f72007f36f2618a5634494,-0.125,Agent,ltv_targeted,-0.10,102761241.34337227,102761241.34337227,18,365067.94426390924,297.7505519851801,41.67804462223393
0x8236a87084f8b84306f72007f36f2618a5634494,-0.1,Agent,ltv_targeted,-0.10,106218126.04924622,106218126.04924622,8,18530.31565822756,0.0,1.0
0x8236a87084f8b84306f72007f36f2618a5634494,-0.075,Agent,ltv_targeted,-0.10,109404705.59220193,109404705.59220193,4,17547.331631155408,0.0,1.0
0x8236a87084f8b84306f72007f36f2618a5634494,-0.05,Agent,ltv_targeted,-0.10,112682570.162579,112682570.162579,2,822.5758497665518,3.976545304471994,6.089610456969481
0x8236a87084f8b84306f72007f36f2618a5634494,-0.025,Agent,ltv_targeted,-0.10,116019607.04029292,116019607.04029292,2,470.21756827182185,10.480466223611746,1.6015995699958714
0x8292bb45bf1ee4d140127049757c2e0ff06317ed,-0.4,Agent,ltv_targeted,-0.10,111350426.80729993,111350426.80729993,4,1186.1642044956086,0.0,1.0
0x8292bb45bf1ee4d140127049757c2e0ff06317ed,-0.375,Agent,ltv_targeted,-0.10,111842398.33210233,111842398.33210233,3,1163.60311750094,0.0,1.0
0x8292bb45bf1ee4d140127049757c2e0ff06317ed,-0.35,Agent,ltv_targeted,-0.10,112336090.66867068,112336090.66867068,3,1166.3102890916539,0.0,1.0
0x8292bb45bf1ee4d140127049757c2e0ff06317ed,-0.325,Agent,ltv_targeted,-0.10,112831529.07663192,112831529.07663192,3,1169.0260923056978,0.0,1.0
0x8292bb45bf1ee4d140127049757c2e0ff06317ed,-0.3,Agent,ltv_targeted,-0.10,113328713.55598605,113328713.55598605,3,1171.7505271430718,0.0,1.0
0x8292bb45bf1ee4d140127049757c2e0ff06317ed,-0.275,Agent,ltv_targeted,-0.10,113827996.20933875,113827996.20933875,2,822.3809879106036,0.0,1.0
0x8292bb45bf1ee4d140127049757c2e0ff06317ed,-0.25,Agent,ltv_targeted,-0.10,114328673.69245711,114328673.69245711,2,824.2617075739147,0.0,1.0
0x8292bb45bf1ee4d140127049757c2e0ff06317ed,-0.225,Agent,ltv_targeted,-0.10,114831096.39155757,114831096.39155757,3,827.0064696052145,0.0,1.0
0x8292bb45bf1ee4d140127049757c2e0ff06317ed,-0.2,Agent,ltv_targeted,-0.10,115335625.190457,115335625.190457,2,469.7314572408223,0.0,1.0
0x8292bb45bf1ee4d140127049757c2e0ff06317ed,-0.175,Agent,ltv_targeted,-0.10,115841538.20913781,115841538.20913781,2,472.82887816416286,1.4878098087369263,8.423087799881499
0x8292bb45bf1ee4d140127049757c2e0ff06317ed,-0.15,Agent,ltv_targeted,-0.10,116349197.31709664,116349197.31709664,2,475.17343768345484,3.7192275297982347,3.6768710821355057
0x8292bb45bf1ee4d140127049757c2e0ff06317ed,-0.125,Agent,ltv_targeted,-0.10,116858602.49583952,116858602.49583952,2,477.52378541915584,5.95409747196461,2.488170950991783
0x8292bb45bf1ee4d140127049757c2e0ff06317ed,-0.1,Agent,ltv_targeted,-0.10,117369753.74525863,117369753.74525863,2,479.8799213712657,8.192527542091549,1.947034919830655
0x8292bb45bf1ee4d140127049757c2e0ff06317ed,-0.075,Agent,ltv_targeted,-0.10,117882651.06524873,117882651.06524873,2,482.24184553978444,10.434622882007547,1.6372608764344152
0x8292bb45bf1ee4d140127049757c2e0ff06317ed,-0.05,Agent,ltv_targeted,-0.10,118397294.45570742,118397294.45570742,2,484.6095579247118,12.680485956492943,1.4363883760593892
0x8292bb45bf1ee4d140127049757c2e0ff06317ed,-0.025,Agent,ltv_targeted,-0.10,118913683.91653478,118913683.91653478,2,486.9830585260482,14.930216637918504,1.2954229683630203
0x9d39a5de30e57443bff2a8307a4256c8797a3497,-0.4,Agent,ltv_targeted,-0.10,82083946.22435974,82083946.22435974,65,11677993.343321951,154025.68861906434,3.499471111944213
0x9d39a5de30e57443bff2a8307a4256c8797a3497,-0.375,Agent,ltv_targeted,-0.10,83701654.94071585,83701654.94071585,60,11565063.512286078,96378.172958473,4.804600478501778
0x9d39a5de30e57443bff2a8307a4256c8797a3497,-0.35,Agent,ltv_targeted,-0.10,85013568.28305727,85013568.28305727,55,11748538.832411842,67806.37034291745,5.726714131385518
0x9d39a5de30e57443bff2a8307a4256c8797a3497,-0.325,Agent,ltv_targeted,-0.10,86428893.34565954,86428893.34565954,52,11841781.563800087,45740.92639607536,6.782561337009788
0x9d39a5de30e57443bff2a8307a4256c8797a3497,-0.3,Agent,ltv_targeted,-0.10,88391843.7011469,88391843.7011469,46,11406117.120156169,24642.8547882132,8.957689080761009
0x9d39a5de30e57443bff2a8307a4256c8797a3497,-0.275,Agent,ltv_targeted,-0.10,89792767.56853275,89792767.56853275,43,11540384.87322487,15324.56476121429,9.752709971027732
0x9d39a5de30e57443bff2a8307a4256c8797a3497,-0.25,Agent,ltv_targeted,-0.10,91297164.32076946,91297164.32076946,35,11584482.461485669,12389.044883296403,6.456033765165433
0x9d39a5de30e57443bff2a8307a4256c8797a3497,-0.225,Agent,ltv_targeted,-0.10,102653633.10391255,102653633.10391255,27,1794871.410903101,10775.623134311845,3.3251069336035974
0x9d39a5de30e57443bff2a8307a4256c8797a3497,-0.2,Agent,ltv_targeted,-0.10,104535883.68549591,104535883.68549591,16,1499254.0013111606,9072.252146446404,2.6486537124644687
0x9d39a5de30e57443bff2a8307a4256c8797a3497,-0.175,Agent,ltv_targeted,-0.10,106113980.54327469,106113980.54327469,14,1527571.5867228836,7273.100151470305,2.0407934410002864
0x9d39a5de30e57443bff2a8307a4256c8797a3497,-0.15,Agent,ltv_targeted,-0.10,108839595.4818451,108839595.4818451,9,428156.86553091736,5373.664160500699,1.174540847923992
0x9d39a5de30e57443bff2a8307a4256c8797a3497,-0.125,Agent,ltv_targeted,-0.10,110848948.03698824,110848948.03698824,4,64791.968411005335,3372.277716723625,1.1410353406637785
0x9d39a5de30e57443bff2a8307a4256c8797a3497,-0.1,Agent,ltv_targeted,-0.10,112512910.5495966,112512910.5495966,3,66606.99958702558,1266.4957038364446,2.3107143894544624
0x9d39a5de30e57443bff2a8307a4256c8797a3497,-0.075,Agent,ltv_targeted,-0.10,114196144.93436128,114196144.93436128,4,67996.36248960167,0.0,1.0
0x9d39a5de30e57443bff2a8307a4256c8797a3497,-0.05,Agent,ltv_targeted,-0.10,115900298.71109286,115900298.71109286,3,66885.32791346402,0.0,1.0
0x9d39a5de30e57443bff2a8307a4256c8797a3497,-0.025,Agent,ltv_targeted,-0.10,117689421.78382026,117689421.78382026,2,484.1377306702217,6.349802793855633,2.389912728547468
0xa0b86991c6218b36c1d19d4a2e9eb0ce3606eb48,-0.4,Agent,ltv_targeted,-0.10,53506898.28966106,53506898.28966106,105,3757402.016116165,2783243.3537582355,0.17444869271643848
0xa0b86991c6218b36c1d19d4a2e9eb0ce3606eb48,-0.375,Agent,ltv_targeted,-0.10,51986000.37646705,51986000.37646705,108,7175302.04523041,2538412.952246389,0.2363446970454186
0xa0b86991c6218b36c1d19d4a2e9eb0ce3606eb48,-0.35,Agent,ltv_targeted,-0.10,53204300.84868417,53204300.84868417,109,7981563.319944112,2822146.129361955,0.3348865002723883
0xa0b86991c6218b36c1d19d4a2e9eb0ce3606eb48,-0.325,Agent,ltv_targeted,-0.10,55525021.56175478,55525021.56175478,103,8013838.901178048,2916460.8702372746,0.3467333890460932
0xa0b86991c6218b36c1d19d4a2e9eb0ce3606eb48,-0.3,Agent,ltv_targeted,-0.10,58075930.539970145,58075930.539970145,99,8819443.480690401,2645190.9160884162,0.3917116623574774
0xa0b86991c6218b36c1d19d4a2e9eb0ce3606eb48,-0.275,Agent,ltv_targeted,-0.10,61417832.56935414,61417832.56935414,92,9050026.062320832,2348515.945323213,0.47156851305279673
0xa0b86991c6218b36c1d19d4a2e9eb0ce3606eb48,-0.25,Agent,ltv_targeted,-0.10,64518913.03079745,64518913.03079745,82,9695751.578977736,2037853.6282927464,0.5577808961507326
0xa0b86991c6218b36c1d19d4a2e9eb0ce3606eb48,-0.225,Agent,ltv_targeted,-0.10,68179208.81481959,68179208.81481959,76,9988360.53368568,1681426.5714529222,0.6411442433690224
0xa0b86991c6218b36c1d19d4a2e9eb0ce3606eb48,-0.2,Agent,ltv_targeted,-0.10,72320922.75205761,72320922.75205761,67,10011113.001864394,1273771.8687469643,0.7831173346909845
0xa0b86991c6218b36c1d19d4a2e9eb0ce3606eb48,-0.175,Agent,ltv_targeted,-0.10,76042564.24560878,76042564.24560878,60,10619748.816176288,860640.2844151867,1.029386686789748
0xa0b86991c6218b36c1d19d4a2e9eb0ce3606eb48,-0.15,Agent,ltv_targeted,-0.10,80290514.07239665,80290514.07239665,49,10854818.750025643,455100.2681297074,1.5077947895273491
0xa0b86991c6218b36c1d19d4a2e9eb0ce3606eb48,-0.125,Agent,ltv_targeted,-0.10,85805984.50812115,85805984.50812115,33,9911136.222836005,121126.12476709395,3.5403117713406167
0xa0b86991c6218b36c1d19d4a2e9eb0ce3606eb48,-0.1,Agent,ltv_targeted,-0.10,90178701.05948114,90178701.05948114,22,9987567.601104474,70125.98113141501,3.235676459926224
0xa0b86991c6218b36c1d19d4a2e9eb0ce3606eb48,-0.075,Agent,ltv_targeted,-0.10,103906994.98064679,103906994.98064679,12,862736.9766272568,25144.49125623279,1.573649772166469
0xa0b86991c6218b36c1d19d4a2e9eb0ce3606eb48,-0.05,Agent,ltv_targeted,-0.10,108748496.4119373,108748496.4119373,4,765195.8642267794,0.0,1.0
0xa0b86991c6218b36c1d19d4a2e9eb0ce3606eb48,-0.025,Agent,ltv_targeted,-0.10,114392013.9908992,114392013.9908992,2,827.3113810877362,0.8223380444140492,15.362701470370206
0xa1290d69c65a6fe4df752f95823fae25cb99e5a7,-0.4,Agent,ltv_targeted,-0.10,64504030.84966162,64504030.84966162,90,9069441.924858706,930590.5373141655,0.5760127337510998
0xa1290d69c65a6fe4df752f95823fae25cb99e5a7,-0.375,Agent,ltv_targeted,-0.10,67126632.32008222,67126632.32008222,84,8852022.514992043,754259.6376802782,0.6435511678898118
0xa1290d69c65a6fe4df752f95823fae25cb99e5a7,-0.35,Agent,ltv_targeted,-0.10,74367258.89635831,74367258.89635831,72,4123359.5611918345,548369.210352282,0.8029911414442397
0xa1290d69c65a6fe4df752f95823fae25cb99e5a7,-0.325,Agent,ltv_targeted,-0.10,76807030.72157632,76807030.72157632,69,4224913.172166578,390339.00353518873,0.9771488451259251
0xa1290d69c65a6fe4df752f95823fae25cb99e5a7,-0.3,Agent,ltv_targeted,-0.10,80654922.43712711,80654922.43712711,62,2934189.6924638115,293688.0312906432,1.0021298911421126
0xa1290d69c65a6fe4df752f95823fae25cb99e5a7,-0.275,Agent,ltv_targeted,-0.10,83755340.82907328,83755340.82907328,54,2467819.5420483127,197379.08759127455,1.2756877389145682
0xa1290d69c65a6fe4df752f95823fae25cb99e5a7,-0.25,Agent,ltv_targeted,-0.10,86518588.93440214,86518588.93440214,49,2396594.087113633,120317.76925624831,1.9016605439968872
0xa1290d69c65a6fe4df752f95823fae25cb99e5a7,-0.225,Agent,ltv_targeted,-0.10,89372371.14535855,89372371.14535855,45,2294059.300177545,61253.711522840575,3.015061424424486
0xa1290d69c65a6fe4df752f95823fae25cb99e5a7,-0.2,Agent,ltv_targeted,-0.10,92246855.50226067,92246855.50226067,39,2218321.8787126723,31912.176600344304,4.0188771095232685
0xa1290d69c65a6fe4df752f95823fae25cb99e5a7,-0.175,Agent,ltv_targeted,-0.10,95944980.98148389,95944980.98148389,30,1388957.9422552702,9778.068577108133,5.653423228478938
0xa1290d69c65a6fe4df752f95823fae25cb99e5a7,-0.15,Agent,ltv_targeted,-0.10,99267044.21093348,99267044.21093348,21,998526.507222956,1995.7431302475418,13.28806295773227
0xa1290d69c65a6fe4df752f95823fae25cb99e5a7,-0.125,Agent,ltv_targeted,-0.10,102965648.01142605,102965648.01142605,15,302161.55456804164,828.3984907773369,12.33329184974926
0xa1290d69c65a6fe4df752f95823fae25cb99e5a7,-0.1,Agent,ltv_targeted,-0.10,106237124.57734765,106237124.57734765,9,109806.92456322022,0.0,1.0
0xa1290d69c65a6fe4df752f95823fae25cb99e5a7,-0.075,Agent,ltv_targeted,-0.10,109484703.66218035,109484703.66218035,6,17741.809706253243,1.6016781249569643,348.9007652919205
0xa1290d69c65a6fe4df752f95823fae25cb99e5a7,-0.05,Agent,ltv_targeted,-0.10,112734357.28193201,112734357.28193201,2,820.7864068111289,6.611107537864995,4.042090572020319
0xa1290d69c65a6fe4df752f95823fae25cb99e5a7,-0.025,Agent,ltv_targeted,-0.10,116044663.86278838,116044663.86278838,2,468.65197191852997,11.804795547006242,1.4727244684251581
0xa3931d71877c0e7a3148cb7eb4463524fec27fbd,-0.4,Agent,ltv_targeted,-0.10,100555345.10714264,100555345.10714264,24,1365118.6731218847,84563.79117319034,1.2118832555907055
0xa3931d71877c0e7a3148cb7eb4463524fec27fbd,-0.375,Agent,ltv_targeted,-0.10,101583990.16311878,101583990.16311878,23,1370009.0574281686,73304.30980584165,1.2263937961772868
0xa3931d71877c0e7a3148cb7eb4463524fec27fbd,-0.35,Agent,ltv_targeted,-0.10,103033381.00238276,103033381.00238276,18,963101.3785602207,62021.13399001413,0.9836763199006165
0xa3931d71877c0e7a3148cb7eb4463524fec27fbd,-0.325,Agent,ltv_targeted,-0.10,104134276.01871793,104134276.01871793,15,913937.9892741104,50413.51718623288,1.060213560267236
0xa3931d71877c0e7a3148cb7eb4463524fec27fbd,-0.3,Agent,ltv_targeted,-0.10,105234947.36009708,105234947.36009708,10,874318.2837965926,38409.91719500175,1.1857444461033566
0xa3931d71877c0e7a3148cb7eb4463524fec27fbd,-0.275,Agent,ltv_targeted,-0.10,106292430.18104954,106292430.18104954,10,887212.7995722422,26004.642042464424,1.4784262046184065
0xa3931d71877c0e7a3148cb7eb4463524fec27fbd,-0.25,Agent,ltv_targeted,-0.10,107511110.85925882,107511110.85925882,7,748242.5425662443,13190.30807985913,2.464736013782251
0xa3931d71877c0e7a3148cb7eb4463524fec27fbd,-0.225,Agent,ltv_targeted,-0.10,108585563.63539588,108585563.63539588,6,762778.5651431554,21.622271717787605,1234.6001839972475
0xa3931d71877c0e7a3148cb7eb4463524fec27fbd,-0.2,Agent,ltv_targeted,-0.10,109669622.24305856,109669622.24305856,4,763471.1462971357,14.572025917185808,1385.2258800220575
0xa3931d71877c0e7a3148cb7eb4463524fec27fbd,-0.175,Agent,ltv_targeted,-0.10,110762642.08866085,110762642.08866085,3,764126.7608182959,7.27613848600512,1866.3452051278991
0xa3931d71877c0e7a3148cb7eb4463524fec27fbd,-0.15,Agent,ltv_targeted,-0.10,111864647.19321093,111864647.19321093,3,764721.1223078368,0.0,1.0
0xa3931d71877c0e7a3148cb7eb4463524fec27fbd,-0.125,Agent,ltv_targeted,-0.10,112975637.75256568,112975637.75256568,3,765246.7785193358,0.0,1.0
0xa3931d71877c0e7a3148cb7eb4463524fec27fbd,-0.1,Agent,ltv_targeted,-0.10,114860141.16753948,114860141.16753948,4,1183.6047769315708,0.0,1.0
0xa3931d71877c0e7a3148cb7eb4463524fec27fbd,-0.075,Agent,ltv_targeted,-0.10,115989857.30091476,115989857.30091476,3,831.7382981662805,0.0,1.0
0xa3931d71877c0e7a3148cb7eb4463524fec27fbd,-0.05,Agent,ltv_targeted,-0.10,117128497.33636457,117128497.33636457,2,479.99540996421644,0.0,1.0
0xa3931d71877c0e7a3148cb7eb4463524fec27fbd,-0.025,Agent,ltv_targeted,-0.10,118275696.32900852,118275696.32900852,2,485.7439767015226,7.5770160625328415,2.086574301405425
0xae78736cd615f374d3085123a210448e74fc6393,-0.4,Agent,ltv_targeted,-0.10,68609449.58340867,68609449.58340867,89,5169369.73541887,951457.6822568331,0.5457480252586024
0xae78736cd615f374d3085123a210448e74fc6393,-0.375,Agent,ltv_targeted,-0.10,71510408.23761049,71510408.23761049,85,4672668.765661456,769523.8334084107,0.6247208190076954
0xae78736cd615f374d3085123a210448e74fc6393,-0.35,Agent,ltv_targeted,-0.10,74108727.7401991,74108727.7401991,76,4574892.859757426,567511.3025137014,0.7784605701319831
0xae78736cd615f374d3085123a210448e74fc6393,-0.325,Agent,ltv_targeted,-0.10,76483687.12259176,76483687.12259176,70,4734131.021356144,408052.05450616946,0.9429144147962101
0xae78736cd615f374d3085123a210448e74fc6393,-0.3,Agent,ltv_targeted,-0.10,80309047.9144522,80309047.9144522,64,3460213.8041307,307554.00604894815,0.9630607822693804
0xae78736cd615f374d3085123a210448e74fc6393,-0.275,Agent,ltv_targeted,-0.10,83226667.43802047,83226667.43802047,56,3165706.6045165956,211594.43846654307,1.198602663184115
0xae78736cd615f374d3085123a210448e74fc6393,-0.25,Agent,ltv_targeted,-0.10,86623125.15847127,86623125.15847127,50,2454367.673919608,129835.63517838808,1.7774529677744328
0xae78736cd615f374d3085123a210448e74fc6393,-0.225,Agent,ltv_targeted,-0.10,89459200.61476813,89459200.61476813,46,2356839.690035787,70855.37952495705,2.6943130245475975
0xae78736cd615f374d3085123a210448e74fc6393,-0.2,Agent,ltv_targeted,-0.10,92389550.52026886,92389550.52026886,39,2218135.1181636746,34984.49284993386,3.8280678472930134
0xae78736cd615f374d3085123a210448e74fc6393,-0.175,Agent,ltv_targeted,-0.10,96072563.1579057,96072563.1579057,30,1389630.446905613,12458.20361868415,4.896921326359818
0xae78736cd615f374d3085123a210448e74fc6393,-0.15,Agent,ltv_targeted,-0.10,99308537.1869021,99308537.1869021,23,1072208.1896191016,2095.339250273481,13.702987462963094
0xae78736cd615f374d3085123a210448e74fc6393,-0.125,Agent,ltv_targeted,-0.10,103062078.57434157,103062078.57434157,15,304174.9408226591,983.3381426080904,11.62963733784952
0xae78736cd615f374d3085123a210448e74fc6393,-0.1,Agent,ltv_targeted,-0.10,106317766.86105055,106317766.86105055,9,110073.35998567111,0.0,1.0
0xae78736cd615f374d3085123a210448e74fc6393,-0.075,Agent,ltv_targeted,-0.10,109546856.37918459,109546856.37918459,6,17791.56194883091,2.8778260877683652,212.13741527538616
0xae78736cd615f374d3085123a210448e74fc6393,-0.05,Agent,ltv_targeted,-0.10,112776840.9562733,112776840.9562733,2,820.2207691471049,7.470034334819302,3.6778752912721546
0xae78736cd615f374d3085123a210448e74fc6393,-0.025,Agent,ltv_targeted,-0.10,116066413.28910215,116066413.28910215,2,468.1778435928586,12.238442206483718,1.4363870878821303
0xbe9895146f7af43049ca1c1ae358b0541ea49704,-0.4,Agent,ltv_targeted,-0.10,68992510.36228488,68992510.36228488,89,4788187.781005999,942652.4160682734,0.5451456307880062
0xbe9895146f7af43049ca1c1ae358b0541ea49704,-0.375,Agent,ltv_targeted,-0.10,71948743.92030989,71948743.92030989,84,4232583.629538649,765761.7778974144,0.6181442416209042
0xbe9895146f7af43049ca1c1ae358b0541ea49704,-0.35,Agent,ltv_targeted,-0.10,74562996.3706274,74562996.3706274,76,4119121.5650947057,564786.4532468487,0.7785127201821002
0xbe9895146f7af43049ca1c1ae358b0541ea49704,-0.325,Agent,ltv_targeted,-0.10,76972628.41767834,76972628.41767834,71,4248835.675727615,401331.6496221955,0.9540480009458395
0xbe9895146f7af43049ca1c1ae358b0541ea49704,-0.3,Agent,ltv_targeted,-0.10,80851169.58494654,80851169.58494654,64,2920222.6704510767,303371.13452598255,0.966683523906071
0xbe9895146f7af43049ca1c1ae358b0541ea49704,-0.275,Agent,ltv_targeted,-0.10,83806289.39059174,83806289.39059174,55,2587066.774786568,209451.16427694153,1.20082636698864
0xbe9895146f7af43049ca1c1ae358b0541ea49704,-0.25,Agent,ltv_targeted,-0.10,86626219.56101511,86626219.56101511,50,2451430.906095243,129277.09511276039,1.7666328987632451
0xbe9895146f7af43049ca1c1ae358b0541ea49704,-0.225,Agent,ltv_targeted,-0.10,89462291.90934488,89462291.90934488,46,2356093.2013428533,68738.97693945577,2.750066738462817
0xbe9895146f7af43049ca1c1ae358b0541ea49704,-0.2,Agent,ltv_targeted,-0.10,92392582.2025958,92392582.2025958,39,2216991.581100493,33823.122171119154,3.917438967412512
0xbe9895146f7af43049ca1c1ae358b0541ea49704,-0.175,Agent,ltv_targeted,-0.10,95726271.07320912,95726271.07320912,30,1737927.138729979,11547.805004824706,5.089631021032101
0xbe9895146f7af43049ca1c1ae358b0541ea49704,-0.15,Agent,ltv_targeted,-0.10,99361478.02319509,99361478.02319509,22,1020656.4729280111,2036.924733498707,13.65460290080223
0xbe9895146f7af43049ca1c1ae358b0541ea49704,-0.125,Agent,ltv_targeted,-0.10,103063530.60398299,103063530.60398299,16,304250.68290110043,891.8307213990354,12.472408432044643
0xbe9895146f7af43049ca1c1ae358b0541ea49704,-0.1,Agent,ltv_targeted,-0.10,106319157.62364599,106319157.62364599,9,110093.4835446199,0.0,1.0
0xbe9895146f7af43049ca1c1ae358b0541ea49704,-0.075,Agent,ltv_targeted,-0.10,109548142.06827538,109548142.06827538,6,17762.377738147447,0.9435983964981327,614.2275906771271
0xbe9895146f7af43049ca1c1ae358b0541ea49704,-0.05,Agent,ltv_targeted,-0.10,112777783.31590264,112777783.31590264,3,846.4851177846269,6.163849030061058,4.3759441191495005
0xbe9895146f7af43049ca1c1ae358b0541ea49704,-0.025,Agent,ltv_targeted,-0.10,116066962.79564226,116066962.79564226,2,468.4604840935322,11.576836820677517,1.491949038989928
0xbf5495efe5db9ce00f80364c8b423567e58d2110,-0.4,Agent,ltv_targeted,-0.10,69402733.17249574,69402733.17249574,90,4794692.399768759,910545.4553087075,0.5493576329353298
0xbf5495efe5db9ce00f80364c8b423567e58d2110,-0.375,Agent,ltv_targeted,-0.10,72320930.45590037,72320930.45590037,84,4264711.003968221,734332.3314856561,0.6390073579069866
0xbf5495efe5db9ce00f80364c8b423567e58d2110,-0.35,Agent,ltv_targeted,-0.10,74928534.22708592,74928534.22708592,74,4149002.716112356,528875.534818897,0.8190131183253366
0xbf5495efe5db9ce00f80364c8b423567e58d2110,-0.325,Agent,ltv_targeted,-0.10,77338016.08396865,77338016.08396865,71,4245739.297044328,383531.7065489803,0.9718734508092616
0xbf5495efe5db9ce00f80364c8b423567e58d2110,-0.3,Agent,ltv_targeted,-0.10,81181298.03751704,81181298.03751704,64,2933087.61512634,288211.96734521893,1.0029068144771034
0xbf5495efe5db9ce00f80364c8b423567e58d2110,-0.275,Agent,ltv_targeted,-0.10,84252074.62327658,84252074.62327658,55,2463892.6692834953,196376.78273702456,1.2647291922374782
0xbf5495efe5db9ce00f80364c8b423567e58d2110,-0.25,Agent,ltv_targeted,-0.10,86984228.20622267,86984228.20622267,49,2392537.676177257,119760.5710875407,1.8836050301351606
0xbf5495efe5db9ce00f80364c8b423567e58d2110,-0.225,Agent,ltv_targeted,-0.10,89802809.29867546,89802809.29867546,45,2289309.5472489265,63025.908635250795,2.9031789643184838
0xbf5495efe5db9ce00f80364c8b423567e58d2110,-0.2,Agent,ltv_targeted,-0.10,92640376.03286798,92640376.03286798,39,2216325.974342287,31496.971303437484,4.0322865338845615
0xbf5495efe5db9ce00f80364c8b423567e58d2110,-0.175,Agent,ltv_targeted,-0.10,96298261.0946995,96298261.0946995,29,1387763.7668885502,9664.263761588556,5.72983999714156
0xbf5495efe5db9ce00f80364c8b423567e58d2110,-0.15,Agent,ltv_targeted,-0.10,99585120.30475,99585120.30475,20,990523.0600642659,1971.830253159713,13.08097340113101
0xbf5495efe5db9ce00f80364c8b423567e58d2110,-0.125,Agent,ltv_targeted,-0.10,103231006.96292819,103231006.96292819,15,302179.5690628975,790.6556760120211,12.896132019863504
0xbf5495efe5db9ce00f80364c8b423567e58d2110,-0.1,Agent,ltv_targeted,-0.10,106454952.97118866,106454952.97118866,9,109822.13195989623,0.0,1.0
0xbf5495efe5db9ce00f80364c8b423567e58d2110,-0.075,Agent,ltv_targeted,-0.10,109652278.21221343,109652278.21221343,6,17729.96579097622,0.7635075139065022,715.3956668558798
0xbf5495efe5db9ce00f80364c8b423567e58d2110,-0.05,Agent,ltv_targeted,-0.10,112848851.58604813,112848851.58604813,2,821.071110858202,6.045598148730198,4.385771973118061
0xbf5495efe5db9ce00f80364c8b423567e58d2110,-0.025,Agent,ltv_targeted,-0.10,116103304.09991512,116103304.09991512,2,468.7683710951636,11.518597963855312,1.4977970815449948
0xc02aaa39b223fe8d0a0e5c4f27ead9083c756cc2,-0.4,Agent,ltv_targeted,-0.10,68851486.52945441,68851486.52945441,94,4770156.948834455,984791.0825422421,0.5445198281313758
0xc02aaa39b223fe8d0a0e5c4f27ead9083c756cc2,-0.375,Agent,ltv_targeted,-0.10,71811083.67038523,71811083.67038523,89,4206200.104870073,811552.728682948,0.5869214089643757
0xc02aaa39b223fe8d0a0e5c4f27ead9083c756cc2,-0.35,Agent,ltv_targeted,-0.10,74407113.93029937,74407113.93029937,79,4098695.072869921,622658.2800706772,0.741640380005326
0xc02aaa39b223fe8d0a0e5c4f27ead9083c756cc2,-0.325,Agent,ltv_targeted,-0.10,76813974.02880739,76813974.02880739,74,4247213.749729599,444139.120199286,0.9093288402854969
0xc02aaa39b223fe8d0a0e5c4f27ead9083c756cc2,-0.3,Agent,ltv_targeted,-0.10,80696501.36631112,80696501.36631112,67,2915303.217204571,347610.7669114278,0.8698700773073432
0xc02aaa39b223fe8d0a0e5c4f27ead9083c756cc2,-0.275,Agent,ltv_targeted,-0.10,83831483.94543496,83831483.94543496,57,2403952.452273142,255296.240604408,1.0384955181808955
0xc02aaa39b223fe8d0a0e5c4f27ead9083c756cc2,-0.25,Agent,ltv_targeted,-0.10,86511967.88703915,86511967.88703915,52,2413518.8227557973,173792.0525975409,1.4085981301509407
0xc02aaa39b223fe8d0a0e5c4f27ead9083c756cc2,-0.225,Agent,ltv_targeted,-0.10,89376098.47438568,89376098.47438568,47,2311556.677516043,97398.57076530055,2.1458947266906607
0xc02aaa39b223fe8d0a0e5c4f27ead9083c756cc2,-0.2,Agent,ltv_targeted,-0.10,92256930.30487785,92256930.30487785,41,2240207.3738382813,50919.84041996775,2.98233953910767
0xc02aaa39b223fe8d0a0e5c4f27ead9083c756cc2,-0.175,Agent,ltv_targeted,-0.10,95612835.95188275,95612835.95188275,29,1761840.2593404036,13613.940576601934,5.596913492661423
0xc02aaa39b223fe8d0a0e5c4f27ead9083c756cc2,-0.15,Agent,ltv_targeted,-0.10,99331120.31285569,99331120.31285569,20,972703.275495939,1928.0323063695844,21.683672481467013
0xc02aaa39b223fe8d0a0e5c4f27ead9083c756cc2,-0.125,Agent,ltv_targeted,-0.10,102334892.26811972,102334892.26811972,16,964831.6110858597,718.046505180139,27.257020358547194
0xc02aaa39b223fe8d0a0e5c4f27ead9083c756cc2,-0.1,Agent,ltv_targeted,-0.10,105582854.92812003,105582854.92812003,11,789506.1388380966,0.0,1.0
0xc02aaa39b223fe8d0a0e5c4f27ead9083c756cc2,-0.075,Agent,ltv_targeted,-0.10,109503806.81008625,109503806.81008625,6,17702.234313785084,0.0,1.0
0xc02aaa39b223fe8d0a0e5c4f27ead9083c756cc2,-0.05,Agent,ltv_targeted,-0.10,112747035.52638006,112747035.52638006,3,848.6518768786425,1.6797795244009772,15.441263963512888
0xc02aaa39b223fe8d0a0e5c4f27ead9083c756cc2,-0.025,Agent,ltv_targeted,-0.10,116051013.19509251,116051013.19509251,2,469.00193787129933,9.310837139460514,1.740782899819499
0xc139190f447e929f090edeb554d95abb8b18ac1c,-0.4,Agent,ltv_targeted,-0.10,72347249.28025292,72347249.28025292,86,4832084.838293608,1257335.1309268102,0.4284981262373121
0xc139190f447e929f090edeb554d95abb8b18ac1c,-0.375,Agent,ltv_targeted,-0.10,75381836.9910086,75381836.9910086,80,4041029.2169335764,1086461.9784038826,0.4469396518089112
0xc139190f447e929f090edeb554d95abb8b18ac1c,-0.35,Agent,ltv_targeted,-0.10,77762397.48072243,77762397.48072243,71,3976910.759571094,907954.8308790538,0.5190345145822212
0xc139190f447e929f090edeb554d95abb8b18ac1c,-0.325,Agent,ltv_targeted,-0.10,79984820.07855265,79984820.07855265,65,4129318.6401605713,736335.1852396686,0.6005148178181814
0xc139190f447e929f090edeb554d95abb8b18ac1c,-0.3,Agent,ltv_targeted,-0.10,83399391.50096312,83399391.50096312,58,3112140.364893279,607428.8188306151,0.6312699706166319
0xc139190f447e929f090edeb554d95abb8b18ac1c,-0.275,Agent,ltv_targeted,-0.10,85745198.38386281,85745198.38386281,54,3249970.490055879,457554.53945622087,0.7981136581241406
0xc139190f447e929f090edeb554d95abb8b18ac1c,-0.25,Agent,ltv_targeted,-0.10,88203433.88038059,88203433.88038059,52,3339737.720952178,308590.48868390475,1.059440922836522
0xc139190f447e929f090edeb554d95abb8b18ac1c,-0.225,Agent,ltv_targeted,-0.10,91709538.32196045,91709538.32196045,45,2365034.502888561,241503.88976317467,0.9910088524205999
0xc139190f447e929f090edeb554d95abb8b18ac1c,-0.2,Agent,ltv_targeted,-0.10,94611460.35594639,94611460.35594639,40,2030382.0289996031,203824.9022154998,0.8778085996962487
0xc139190f447e929f090edeb554d95abb8b18ac1c,-0.175,Agent,ltv_targeted,-0.10,97605877.43858422,97605877.43858422,31,1658992.6274305051,175663.74164993427,0.8157274339892413
0xc139190f447e929f090edeb554d95abb8b18ac1c,-0.15,Agent,ltv_targeted,-0.10,100632942.80392617,100632942.80392617,29,1316781.1624528756,150952.30974257606,0.8172960780471199
0xc139190f447e929f090edeb554d95abb8b18ac1c,-0.125,Agent,ltv_targeted,-0.10,103833934.12121794,103833934.12121794,16,875927.8205793053,116232.75073510593,0.7142152637096055
0xc139190f447e929f090edeb554d95abb8b18ac1c,-0.1,Agent,ltv_targeted,-0.10,106718901.31299223,106718901.31299223,10,823121.3744995254,74766.36940513528,0.8098020814893832
0xc139190f447e929f090edeb554d95abb8b18ac1c,-0.075,Agent,ltv_targeted,-0.10,109673225.79218876,109673225.79218876,6,770640.6723463279,28892.904680157,1.4063098624848172
0xc139190f447e929f090edeb554d95abb8b18ac1c,-0.05,Agent,ltv_targeted,-0.10,112603494.76918833,112603494.76918833,3,790507.1646841523,3.6956149252616166,4677.8523234502645
0xc139190f447e929f090edeb554d95abb8b18ac1c,-0.025,Agent,ltv_targeted,-0.10,116379692.62670626,116379692.62670626,3,835.2110071050963,0.0,1.0
0xcbb7c0000ab88b473b1f5afd9ef808440eed33bf,-0.4,Agent,ltv_targeted,-0.10,58760014.297390915,58760014.297390915,105,4364731.637375731,2277495.654439049,0.24599890965943566
0xcbb7c0000ab88b473b1f5afd9ef808440eed33bf,-0.375,Agent,ltv_targeted,-0.10,61167001.961320825,61167001.961320825,102,4735683.490795305,1985771.385054629,0.29971854123115993
0xcbb7c0000ab88b473b1f5afd9ef808440eed33bf,-0.35,Agent,ltv_targeted,-0.10,63911341.61649639,63911341.61649639,96,4919683.152087992,1662402.653528471,0.3608655826682371
0xcbb7c0000ab88b473b1f5afd9ef808440eed33bf,-0.325,Agent,ltv_targeted,-0.10,66631121.74431885,66631121.74431885,95,5164681.359584959,1421350.2401282042,0.39426837802584846
0xcbb7c0000ab88b473b1f5afd9ef808440eed33bf,-0.3,Agent,ltv_targeted,-0.10,70368455.45294423,70368455.45294423,85,4521604.113339304,1169575.036644708,0.4945659612510886
0xcbb7c0000ab88b473b1f5afd9ef808440eed33bf,-0.275,Agent,ltv_targeted,-0.10,73324711.11574233,73324711.11574233,80,4786298.9972881,909861.085771082,0.596940296633928
0xcbb7c0000ab88b473b1f5afd9ef808440eed33bf,-0.25,Agent,ltv_targeted,-0.10,77119295.47126056,77119295.47126056,73,4286780.860187531,694786.8002037454,0.6913363926625234
0xcbb7c0000ab88b473b1f5afd9ef808440eed33bf,-0.225,Agent,ltv_targeted,-0.10,80863942.52935988,80863942.52935988,61,3957238.354066947,478429.51805238146,0.915901917527477
0xcbb7c0000ab88b473b1f5afd9ef808440eed33bf,-0.2,Agent,ltv_targeted,-0.10,84806334.8737871,84806334.8737871,54,3506872.4214620013,303905.7130345579,1.2597349467738364
0xcbb7c0000ab88b473b1f5afd9ef808440eed33bf,-0.175,Agent,ltv_targeted,-0.10,88558880.75020444,88558880.75020444,43,3377281.912389511,117208.28947119782,2.488837796289741
0xcbb7c0000ab88b473b1f5afd9ef808440eed33bf,-0.15,Agent,ltv_targeted,-0.10,93126850.43923023,93126850.43923023,33,2456885.4205148523,24648.373078580804,6.119208235614408
0xcbb7c0000ab88b473b1f5afd9ef808440eed33bf,-0.125,Agent,ltv_targeted,-0.10,97859969.00643533,97859969.00643533,24,1418396.492120628,3787.3520033120217,20.80325553279961
0xcbb7c0000ab88b473b1f5afd9ef808440eed33bf,-0.1,Agent,ltv_targeted,-0.10,101682739.85176754,101682739.85176754,22,1391406.4873905524,530.4661138481433,64.37123963928798
0xcbb7c0000ab88b473b1f5afd9ef808440eed33bf,-0.075,Agent,ltv_targeted,-0.10,106967860.02079652,106967860.02079652,6,18096.07616511398,0.0,1.0
0xcbb7c0000ab88b473b1f5afd9ef808440eed33bf,-0.05,Agent,ltv_targeted,-0.10,110998740.79308426,110998740.79308426,4,17248.58214529477,1.3503988433202283,57.833597455304584
0xcbb7c0000ab88b473b1f5afd9ef808440eed33bf,-0.025,Agent,ltv_targeted,-0.10,115164307.44083008,115164307.44083008,1,464.1391825342003,9.111259622855776,1.7556843288916517
0xcd5fe23c85820f7b72d0926fc9b05b43e359b7ee,-0.4,Agent,ltv_targeted,-0.10,68959544.77684481,68959544.77684481,91,4784637.5489952965,970555.8340871568,0.5335648612793431
0xcd5fe23c85820f7b72d0926fc9b05b43e359b7ee,-0.375,Agent,ltv_targeted,-0.10,71931651.02163997,71931651.02163997,86,4212722.4213977,792835.9442552702,0.5992354153025409
0xcd5fe23c85820f7b72d0926fc9b05b43e359b7ee,-0.35,Agent,ltv_targeted,-0.10,74544914.76479977,74544914.76479977,76,4099336.687598667,591746.230561097,0.7491925974020966
0xcd5fe23c85820f7b72d0926fc9b05b43e359b7ee,-0.325,Agent,ltv_targeted,-0.10,76948407.33519337,76948407.33519337,72,4238492.502083734,424203.20965002873,0.9119215923304098
0xcd5fe23c85820f7b72d0926fc9b05b43e359b7ee,-0.3,Agent,ltv_targeted,-0.10,80833963.94017316,80833963.94017316,64,2903693.2630541767,324868.27596837666,0.9075680288596344
0xcd5fe23c85820f7b72d0926fc9b05b43e359b7ee,-0.275,Agent,ltv_targeted,-0.10,83788467.87208849,83788467.87208849,55,2571964.802190721,229832.3054859663,1.1032806258665964
0xcd5fe23c85820f7b72d0926fc9b05b43e359b7ee,-0.25,Agent,ltv_targeted,-0.10,86608260.08570331,86608260.08570331,50,2437962.4685831303,148098.9943492056,1.557725446388423
0xcd5fe23c85820f7b72d0926fc9b05b43e359b7ee,-0.225,Agent,ltv_targeted,-0.10,89439906.89272276,89439906.89272276,46,2349511.5148797077,85276.778204606,2.3004658169355077
0xcd5fe23c85820f7b72d0926fc9b05b43e359b7ee,-0.2,Agent,ltv_targeted,-0.10,92366736.32211258,92366736.32211258,39,2229472.9575382466,35176.61162864939,4.086915908785172
0xcd5fe23c85820f7b72d0926fc9b05b43e359b7ee,-0.175,Agent,ltv_targeted,-0.10,95701846.81420541,95701846.81420541,30,1749251.4944434138,13295.35640398512,5.229756549273959
0xcd5fe23c85820f7b72d0926fc9b05b43e359b7ee,-0.15,Agent,ltv_targeted,-0.10,99345780.99173878,99345780.99173878,22,1025889.2248886194,2048.290499698196,15.242592817628248
0xcd5fe23c85820f7b72d0926fc9b05b43e359b7ee,-0.125,Agent,ltv_targeted,-0.10,103053462.10280873,103053462.10280873,16,304988.95454429777,909.3601493735117,13.063889708873472
0xcd5fe23c85820f7b72d0926fc9b05b43e359b7ee,-0.1,Agent,ltv_targeted,-0.10,106311159.9303894,106311159.9303894,9,110159.46578919824,0.0,1.0
0xcd5fe23c85820f7b72d0926fc9b05b43e359b7ee,-0.075,Agent,ltv_targeted,-0.10,109541826.5520539,109541826.5520539,6,17768.041138979093,0.8499629220332415,688.6798376156527
0xcd5fe23c85820f7b72d0926fc9b05b43e359b7ee,-0.05,Agent,ltv_targeted,-0.10,112773335.96510744,112773335.96510744,3,846.4934150770002,6.099911409431447,4.434939213526993
0xcd5fe23c85820f7b72d0926fc9b05b43e359b7ee,-0.025,Agent,ltv_targeted,-0.10,116064618.789452,116064618.789452,2,468.40845899424124,11.54410203982491,1.4947669393881855
0xd11c452fc99cf405034ee446803b6f6c1f6d5ed8,-0.4,Agent,ltv_targeted,-0.10,70931228.78905821,70931228.78905821,106,5281052.633399477,833160.81449597,0.6662380537361351
0xd11c452fc99cf405034ee446803b6f6c1f6d5ed8,-0.375,Agent,ltv_targeted,-0.10,73295199.11789301,73295199.11789301,99,5254774.898948456,641317.8769885793,0.7827416219337333
0xd11c452fc99cf405034ee446803b6f6c1f6d5ed8,-0.35,Agent,ltv_targeted,-0.10,75926854.1534009,75926854.1534009,95,4960186.496858814,517211.64417103195,0.827673375279041
0xd11c452fc99cf405034ee446803b6f6c1f6d5ed8,-0.325,Agent,ltv_targeted,-0.10,79353971.76273222,79353971.76273222,86,3938712.1119293217,391639.5640942332,0.9435630320346661
0xd11c452fc99cf405034ee446803b6f6c1f6d5ed8,-0.3,Agent,ltv_targeted,-0.10,81681594.65804574,81681594.65804574,80,4067375.4075862966,282535.2611730881,1.2042110788815734
0xd11c452fc99cf405034ee446803b6f6c1f6d5ed8,-0.275,Agent,ltv_targeted,-0.10,84271845.78691933,84271845.78691933,77,3997654.6244421257,176297.5472172757,1.7390586187909327
0xd11c452fc99cf405034ee446803b6f6c1f6d5ed8,-0.25,Agent,ltv_targeted,-0.10,86946268.6955243,86946268.6955243,71,3873806.6558071924,107125.98274517649,2.3964936129071974
0xd11c452fc99cf405034ee446803b6f6c1f6d5ed8,-0.225,Agent,ltv_targeted,-0.10,89600445.9851771,89600445.9851771,64,3827098.9858327997,48170.48228899422,3.9492065470918383
0xd11c452fc99cf405034ee446803b6f6c1f6d5ed8,-0.2,Agent,ltv_targeted,-0.10,92763700.38216001,92763700.38216001,51,3302901.1108542876,24738.823231170372,4.514317045725575
0xd11c452fc99cf405034ee446803b6f6c1f6d5ed8,-0.175,Agent,ltv_targeted,-0.10,96886507.11636618,96886507.11636618,41,1882285.4838556387,5283.322694565567,11.500377244720024
0xd11c452fc99cf405034ee446803b6f6c1f6d5ed8,-0.15,Agent,ltv_targeted,-0.10,99847801.56064746,99847801.56064746,26,1674250.3993466473,1870.3133174153584,18.22161198195988
0xd11c452fc99cf405034ee446803b6f6c1f6d5ed8,-0.125,Agent,ltv_targeted,-0.10,102708648.38584061,102708648.38584061,20,1631591.9998914162,638.9816989863299,16.258687932352572
0xd11c452fc99cf405034ee446803b6f6c1f6d5ed8,-0.1,Agent,ltv_targeted,-0.10,107149303.34608345,107149303.34608345,9,75637.18938095892,6.669810413393146,305.62688239868135
0xd11c452fc99cf405034ee446803b6f6c1f6d5ed8,-0.075,Agent,ltv_targeted,-0.10,110099198.73909429,110099198.73909429,6,76917.89329268748,9.154455950115723,85.51744148946777
0xd11c452fc99cf405034ee446803b6f6c1f6d5ed8,-0.05,Agent,ltv_targeted,-0.10,113193583.61143944,113193583.61143944,3,819.7657461417762,11.734949775231943,2.233787815314224
0xd11c452fc99cf405034ee446803b6f6c1f6d5ed8,-0.025,Agent,ltv_targeted,-0.10,116279331.54686527,116279331.54686527,2,469.2228847280117,14.411402091573,1.2930468940164366
0xdac17f958d2ee523a2206206994597c13d831ec7,-0.4,Agent,ltv_targeted,-0.10,64364367.57535538,64364367.57535538,93,9550681.073155534,1408437.9912829925,0.5026173683251636
0xdac17f958d2ee523a2206206994597c13d831ec7,-0.375,Agent,ltv_targeted,-0.10,66387733.34291759,66387733.34291759,88,10009087.261892943,1197324.8484986934,0.5581473898899603
0xdac17f958d2ee523a2206206994597c13d831ec7,-0.35,Agent,ltv_targeted,-0.10,68974135.20150784,68974135.20150784,79,9913343.309550332,1042144.9085818317,0.6213787568783414
0xdac17f958d2ee523a2206206994597c13d831ec7,-0.325,Agent,ltv_targeted,-0.10,71119023.79554394,71119023.79554394,75,10338211.31365218,872685.4295900716,0.7112268151514719
0xdac17f958d2ee523a2206206994597c13d831ec7,-0.3,Agent,ltv_targeted,-0.10,73310140.34479913,73310140.34479913,71,10776937.271180436,707959.1947683139,0.8146723675396569
0xdac17f958d2ee523a2206206994597c13d831ec7,-0.275,Agent,ltv_targeted,-0.10,75772321.186526,75772321.186526,65,11009366.00574067,543285.0432583177,0.9162055296252604
0xdac17f958d2ee523a2206206994597c13d831ec7,-0.25,Agent,ltv_targeted,-0.10,78339516.2635752,78339516.2635752,58,11192751.338709934,387459.210832449,1.0438387671011238
0xdac17f958d2ee523a2206206994597c13d831ec7,-0.225,Agent,ltv_targeted,-0.10,88743764.94530852,88743764.94530852,48,3572043.035629435,263492.5625876462,1.234336520064974
0xdac17f958d2ee523a2206206994597c13d831ec7,-0.2,Agent,ltv_targeted,-0.10,92163703.80577913,92163703.80577913,37,3013543.2711446215,126446.34982531618,2.0093855668686835
0xdac17f958d2ee523a2206206994597c13d831ec7,-0.175,Agent,ltv_targeted,-0.10,95058014.01894286,95058014.01894286,32,3003117.7187592937,31773.725085836588,5.543537243441258
0xdac17f958d2ee523a2206206994597c13d831ec7,-0.15,Agent,ltv_targeted,-0.10,99529835.84908903,99529835.84908903,22,1414414.6366617398,2686.165891621341,30.1258064583022
0xdac17f958d2ee523a2206206994597c13d831ec7,-0.125,Agent,ltv_targeted,-0.10,102571059.3703495,102571059.3703495,18,1293765.3935712867,962.2293914125935,49.73678908710147
0xdac17f958d2ee523a2206206994597c13d831ec7,-0.1,Agent,ltv_targeted,-0.10,106100679.75904968,106100679.75904968,9,748776.7287477987,0.0,1.0
0xdac17f958d2ee523a2206206994597c13d831ec7,-0.075,Agent,ltv_targeted,-0.10,109896788.37024546,109896788.37024546,3,1156.764852765135,0.0,1.0
0xdac17f958d2ee523a2206206994597c13d831ec7,-0.05,Agent,ltv_targeted,-0.10,113010428.90321723,113010428.90321723,2,824.0319971675349,0.0,1.0
0xdac17f958d2ee523a2206206994597c13d831ec7,-0.025,Agent,ltv_targeted,-0.10,116188898.27528767,116188898.27528767,2,474.943202224253,6.66965614436679,2.2613623818099504
0xdc035d45d973e3ec169d2276ddab16f1e407384f,-0.4,Agent,ltv_targeted,-0.10,92590165.45344934,92590165.45344934,20,9869683.641191695,2566.9292246911896,118.04140874096571
0xdc035d45d973e3ec169d2276ddab16f1e407384f,-0.375,Agent,ltv_targeted,-0.10,93507704.61713973,93507704.61713973,20,9953582.146794287,1945.8540906970316,129.12087114583971
0xdc035d45d973e3ec169d2276ddab16f1e407384f,-0.35,Agent,ltv_targeted,-0.10,94562231.29240832,94562231.29240832,17,9908484.17716694,1307.4464708174492,152.40215543676376
0xdc035d45d973e3ec169d2276ddab16f1e407384f,-0.325,Agent,ltv_targeted,-0.10,95493500.68473871,95493500.68473871,15,9994615.407602793,670.8255882725216,220.21011542829598
0xdc035d45d973e3ec169d2276ddab16f1e407384f,-0.3,Agent,ltv_targeted,-0.10,96432606.81881633,96432606.81881633,15,10080770.225988166,147.5788713713299,645.8318140708544
0xdc035d45d973e3ec169d2276ddab16f1e407384f,-0.275,Agent,ltv_targeted,-0.10,97786485.38051438,97786485.38051438,11,9759750.652769912,0.0,1.0
0xdc035d45d973e3ec169d2276ddab16f1e407384f,-0.25,Agent,ltv_targeted,-0.10,108490995.21115284,108490995.21115284,7,95925.93560225819,0.0,1.0
0xdc035d45d973e3ec169d2276ddab16f1e407384f,-0.225,Agent,ltv_targeted,-0.10,109557410.14762492,109557410.14762492,5,78169.816463331,0.0,1.0
0xdc035d45d973e3ec169d2276ddab16f1e407384f,-0.2,Agent,ltv_targeted,-0.10,110629953.1265544,110629953.1265544,3,62259.157822834655,0.2009065686142438,1269.13314879979
0xdc035d45d973e3ec169d2276ddab16f1e407384f,-0.175,Agent,ltv_targeted,-0.10,111694047.37656073,111694047.37656073,3,62769.07054242108,2.2632385177861423,19.433549463488248
0xdc035d45d973e3ec169d2276ddab16f1e407384f,-0.15,Agent,ltv_targeted,-0.10,112828570.58985966,112828570.58985966,2,823.706712299565,4.342689973886534,4.611565077307462
0xdc035d45d973e3ec169d2276ddab16f1e407384f,-0.125,Agent,ltv_targeted,-0.10,113909121.78792709,113909121.78792709,2,824.04476289423,6.439354566695098,2.519496679122438
0xdc035d45d973e3ec169d2276ddab16f1e407384f,-0.1,Agent,ltv_targeted,-0.10,114998004.1707291,114998004.1707291,1,466.8846380716688,8.553322377333396,1.8471173057462305
0xdc035d45d973e3ec169d2276ddab16f1e407384f,-0.075,Agent,ltv_targeted,-0.10,116094496.86864316,116094496.86864316,2,473.0958736035099,10.684680104791852,1.5871237963343225
0xdc035d45d973e3ec169d2276ddab16f1e407384f,-0.05,Agent,ltv_targeted,-0.10,117198964.07251891,117198964.07251891,2,478.4875364908968,12.833511223164475,1.4120892370111384
0xdc035d45d973e3ec169d2276ddab16f1e407384f,-0.025,Agent,ltv_targeted,-0.10,118311404.93220814,118311404.93220814,2,483.90969440432445,14.999896130197792,1.286076186567953
0xdd50c053c096cb04a3e3362e2b622529ec5f2e8a,-0.4,Agent,ltv_targeted,-0.10,119431815.75550646,119431815.75550646,2,489.3623473437933,17.18391228769716,1.1909293761489057
0xdd50c053c096cb04a3e3362e2b622529ec5f2e8a,-0.375,Agent,ltv_targeted,-0.10,119431815.98626436,119431815.98626436,2,489.3623473437933,17.18391228769716,1.1909293761489057
0xdd50c053c096cb04a3e3362e2b622529ec5f2e8a,-0.35,Agent,ltv_targeted,-0.10,119431816.21702227,119431816.21702227,2,489.3623473437933,17.18391228769716,1.1909293761489057
0xdd50c053c096cb04a3e3362e2b622529ec5f2e8a,-0.325,Agent,ltv_targeted,-0.10,119431816.44778018,119431816.44778018,2,489.3623473437933,17.18391228769716,1.1909293761489057
0xdd50c053c096cb04a3e3362e2b622529ec5f2e8a,-0.3,Agent,ltv_targeted,-0.10,119431816.6785381,119431816.6785381,2,489.3623473437933,17.18391228769716,1.1909293761489057
0xdd50c053c096cb04a3e3362e2b622529ec5f2e8a,-0.275,Agent,ltv_targeted,-0.10,119431816.90929602,119431816.90929602,2,489.3623473437933,17.18391228769716,1.1909293761489057
0xdd50c053c096cb04a3e3362e2b622529ec5f2e8a,-0.25,Agent,ltv_targeted,-0.10,119431817.14005394,119431817.14005394,2,489.3623473437933,17.18391228769716,1.1909293761489057
0xdd50c053c096cb04a3e3362e2b622529ec5f2e8a,-0.225,Agent,ltv_targeted,-0.10,119431817.37081188,119431817.37081188,2,489.3623473437933,17.18391228769716,1.1909293761489057
0xdd50c053c096cb04a3e3362e2b622529ec5f2e8a,-0.2,Agent,ltv_targeted,-0.10,119431817.60156982,119431817.60156982,2,489.3623473437933,17.18391228769716,1.1909293761489057
0xdd50c053c096cb04a3e3362e2b622529ec5f2e8a,-0.175,Agent,ltv_targeted,-0.10,119431817.83232775,119431817.83232775,2,489.3623473437933,17.18391228769716,1.1909293761489057
0xdd50c053c096cb04a3e3362e2b622529ec5f2e8a,-0.15,Agent,ltv_targeted,-0.10,119431818.0630857,119431818.0630857,2,489.3623473437933,17.18391228769716,1.1909293761489057
0xdd50c053c096cb04a3e3362e2b622529ec5f2e8a,-0.125,Agent,ltv_targeted,-0.10,119431818.29384366,119431818.29384366,2,489.3623473437933,17.18391228769716,1.1909293761489057
0xdd50c053c096cb04a3e3362e2b622529ec5f2e8a,-0.1,Agent,ltv_targeted,-0.10,119431818.52460161,119431818.52460161,2,489.3623473437933,17.18391228769716,1.1909293761489057
0xdd50c053c096cb04a3e3362e2b622529ec5f2e8a,-0.075,Agent,ltv_targeted,-0.10,119431818.75535958,119431818.75535958,2,489.3623473437933,17.18391228769716,1.1909293761489057
0xdd50c053c096cb04a3e3362e2b622529ec5f2e8a,-0.05,Agent,ltv_targeted,-0.10,119431818.98611754,119431818.98611754,2,489.3623473437933,17.18391228769716,1.1909293761489057
0xdd50c053c096cb04a3e3362e2b622529ec5f2e8a,-0.025,Agent,ltv_targeted,-0.10,119431819.21687552,119431819.21687552,2,489.3623473437933,17.18391228769716,1.1909293761489057
